Country_Name,Country_Code,Indicator_Name,Indicator_Code,1960,1961,1962,1963,1964,1965,1966,1967,1968,1969,1970,1971,1972,1973,1974,1975,1976,1977,1978,1979,1980,1981,1982,1983,1984,1985,1986,1987,1988,1989,1990,1991,1992,1993,1994,1995,1996,1997,1998,1999,2000,2001,2002,2003,2004,2005,2006,2007,2008,2009,2010,2011,2012,2013,2014,2015,2016,2017,2018,2019
Aruba,ABW,"Intentional homicides, female (per 100,000 female)",VC.IHR.PSRC.FE.P5,,,,,,,,,,,,,,,,,,,,,,,,,,,,,,,,,,,,0,,,,2.2,,4.1,2,2,0,1.9,1.9,0,1.9,1.9,0,0,1.9,1.8,0,,,,,
Afghanistan,AFG,"Intentional homicides, female (per 100,000 female)",VC.IHR.PSRC.FE.P5,,,,,,,,,,,,,,,,,,,,,,,,,,,,,,,,,,,,,,,,,,,,,,,,,,,,,,,,,,,,
Angola,AGO,"Intentional homicides, female (per 100,000 female)",VC.IHR.PSRC.FE.P5,,,,,,,,,,,,,,,,,,,,,,,,,,,,,,,,,,,,,,,,,,,,,,,,,,,,,,,,,,,,
Albania,ALB,"Intentional homicides, female (per 100,000 female)",VC.IHR.PSRC.FE.P5,,,,,,,,,,,,,,,,,,,,,,,,,,,,,,,,,0.9,1,0.8,1.6,1.8,11.3,5.6,4.2,0.8,2.5,2.5,1.4,1.2,1.4,1.5,1.6,1.3,0.5,1.3,1.5,1.8,1.7,0.9,1.2,1.3,0.8,,
Andorra,AND,"Intentional homicides, female (per 100,000 female)",VC.IHR.PSRC.FE.P5,,,,,,,,,,,,,,,,,,,,,,,,,,,,,,,,,,,,,,,,,,,,,,,,,2.4,,,0,,,,,,,,
Arab World,ARB,"Intentional homicides, female (per 100,000 female)",VC.IHR.PSRC.FE.P5,,,,,,,,,,,,,,,,,,,,,,,,,,,,,,,,,,,,,,,,,,,,,,,,,,,,,,,,,,,,
United Arab Emirates,ARE,"Intentional homicides, female (per 100,000 female)",VC.IHR.PSRC.FE.P5,,,,,,,,,,,,,,,,,,,,,,,,,,,,,,,,,,,,,,,,,,,,,,,,,,,0.9,0.7,0.7,0.8,0.7,0.4,,,,
Argentina,ARG,"Intentional homicides, female (per 100,000 female)",VC.IHR.PSRC.FE.P5,,,,,,,,,,,,,,,,,,,,,,,,,,,,,,,,,,,,,,,,,,,,,,,,,,,,,,,1.9,1.7,,1.8,,
Armenia,ARM,"Intentional homicides, female (per 100,000 female)",VC.IHR.PSRC.FE.P5,,,,,,,,,,,,,,,,,,,,,,,,,,,,,,,1.3,1.6,,3.1,1.4,1.1,1.4,1.3,0.9,1.2,1.6,1.1,1.2,0.7,1.4,0.7,1.7,0.8,1.7,1.6,0.7,1.2,1.2,1.2,1.3,1.4,1,0.7,,
American Samoa,ASM,"Intentional homicides, female (per 100,000 female)",VC.IHR.PSRC.FE.P5,,,,,,,,,,,,,,,,,,,,,,,,,,,,,,,,,,,,,,,,,,,,,,,,,,,,,,,,,,,,
Antigua and Barbuda,ATG,"Intentional homicides, female (per 100,000 female)",VC.IHR.PSRC.FE.P5,,,,,,,,,,,,,,,,,,,,,,,,,,,,,,,2.9,5.8,2.8,0,2.7,5.3,2.6,0,,,,1.7,2.8,,,,,,10.4,,,,,,,,,,,
Australia,AUS,"Intentional homicides, female (per 100,000 female)",VC.IHR.PSRC.FE.P5,,,,,,,,,,,,,,,,,,,,,,,,,,,,,,,1.6,1.7,1.3,1.3,1.3,1.5,1.2,1.3,1.1,1.3,1.4,1.2,1.2,1,0.9,0.9,0.9,0.8,0.9,0.7,0.8,0.8,0.7,0.8,0.8,0.7,0.7,0.5,,
Austria,AUT,"Intentional homicides, female (per 100,000 female)",VC.IHR.PSRC.FE.P5,,,,,,,,,,,,,,,,,,,,,,,,,,,,,,,1,1.2,1,0.8,1.3,0.9,1.2,0.9,0.8,0.8,1.3,1,0.9,0.6,0.8,0.6,0.7,0.6,0.7,0.7,0.7,0.8,0.9,0.7,0.5,0.4,0.7,,,
Azerbaijan,AZE,"Intentional homicides, female (per 100,000 female)",VC.IHR.PSRC.FE.P5,,,,,,,,,,,,,,,,,,,,,,,,,,,,,,,,,,,,,,,,,,,,,,,,,,,1.4,,1.2,1.5,1.8,1.5,1.8,1.6,,
Burundi,BDI,"Intentional homicides, female (per 100,000 female)",VC.IHR.PSRC.FE.P5,,,,,,,,,,,,,,,,,,,,,,,,,,,,,,,,,,,,,,,,,,,,,,,,,,,,,,2,2,1.5,2.3,,,
Belgium,BEL,"Intentional homicides, female (per 100,000 female)",VC.IHR.PSRC.FE.P5,,,,,,,,,,,,,,,,,,,,,,,,,,,,,,,,,,,,,,,,,1.6,2,2.5,1.8,2.4,1.7,1.6,1.6,1.3,1.4,1.2,1.6,1.4,1.7,1.4,,,,,
Benin,BEN,"Intentional homicides, female (per 100,000 female)",VC.IHR.PSRC.FE.P5,,,,,,,,,,,,,,,,,,,,,,,,,,,,,,,,,,,,,,,,,,,,,,,,,,,,,,,,,,,,
Burkina Faso,BFA,"Intentional homicides, female (per 100,000 female)",VC.IHR.PSRC.FE.P5,,,,,,,,,,,,,,,,,,,,,,,,,,,,,,,,,,,,,,,,,,,,,,,,,,,,,,,,,,,,
Bangladesh,BGD,"Intentional homicides, female (per 100,000 female)",VC.IHR.PSRC.FE.P5,,,,,,,,,,,,,,,,,,,,,,,,,,,,,,,,,,,,,,,,,,,,,,,,,,,,,,,,,,,,
Bulgaria,BGR,"Intentional homicides, female (per 100,000 female)",VC.IHR.PSRC.FE.P5,,,,,,,,,,,,,,,,,,,,,,,,,,,,,,,1.2,2.1,2.3,2.1,2.3,1.8,2,2.2,2.4,2.1,2.4,1.5,1.4,1.3,1.4,1.3,1.4,1,0.9,0.9,0.7,0.8,1,0.9,0.7,0.8,0.6,1,,
Bahrain,BHR,"Intentional homicides, female (per 100,000 female)",VC.IHR.PSRC.FE.P5,,,,,,,,,,,,,,,,,,,,,,,,,,,,,,,,,,,,,,,,,,,,,,,,,,,,,,,,,,,,
"Bahamas, The",BHS,"Intentional homicides, female (per 100,000 female)",VC.IHR.PSRC.FE.P5,,,,,,,,,,,,,,,,,,,,,,,,,,,,,,,,,,4.4,4,4.7,5.2,4.7,,,10.8,3.3,7.7,3.7,1.2,4.7,2.9,4.6,3.9,5.5,7.6,8.5,5.3,,5.6,8.1,3.5,3,,
Bosnia and Herzegovina,BIH,"Intentional homicides, female (per 100,000 female)",VC.IHR.PSRC.FE.P5,,,,,,,,,,,,,,,,,,,,,,,,,,,,,,,0.7,,,,,,,,,,1,1.5,1.3,,,,,,,0.8,0.5,0.9,1.3,0.8,0.6,1,0.8,0.6,,
Belarus,BLR,"Intentional homicides, female (per 100,000 female)",VC.IHR.PSRC.FE.P5,,,,,,,,,,,,,,,,,,,,,,,,,,,,,,,,,,,,,,,,,,,,,,,,4.3,3.5,3.9,2.7,2.3,2.5,2,2.3,,,,,
Belize,BLZ,"Intentional homicides, female (per 100,000 female)",VC.IHR.PSRC.FE.P5,,,,,,,,,,,,,,,,,,,,,,,,,,,,,,,,,,,,,,,,,,,,,10.2,,,,,5.7,10,7.3,8.3,5.8,6.8,5,8.1,5.9,,
Bermuda,BMU,"Intentional homicides, female (per 100,000 female)",VC.IHR.PSRC.FE.P5,,,,,,,,,,,,,,,,,,,,,,,,,,,,,,,0,0,3.1,,,,3,,,,,,,,2.9,0,,,,3,0,6,0,0,3.1,0,0,,,
Bolivia,BOL,"Intentional homicides, female (per 100,000 female)",VC.IHR.PSRC.FE.P5,,,,,,,,,,,,,,,,,,,,,,,,,,,,,,,,,,,,,,,,,,,,,,,,,2.9,,,,,,,4.5,4.3,,,
Brazil,BRA,"Intentional homicides, female (per 100,000 female)",VC.IHR.PSRC.FE.P5,,,,,,,,,,,,,,,,,,,,,,,,,,,,,,,3.1,3.3,2.8,3,3.2,3.7,4.1,3.9,3.7,3.7,3.9,3.9,3.9,3.9,3.8,3.8,3.9,3.6,3.8,3.7,3.7,4.1,4.4,4.4,4.6,4.4,4,4.3,,
Barbados,BRB,"Intentional homicides, female (per 100,000 female)",VC.IHR.PSRC.FE.P5,,,,,,,,,,,,,,,,,,,,,,,,,,,,,,,8.1,6.6,2.9,3.7,4.4,3.6,,,,,3.6,3.2,5.3,7.8,0.6,6.4,1.1,4.2,2.8,2.1,5.5,1.4,1.4,4.8,2,2,1.3,1.3,,
Brunei Darussalam,BRN,"Intentional homicides, female (per 100,000 female)",VC.IHR.PSRC.FE.P5,,,,,,,,,,,,,,,,,,,,,,,,,,,,,,,,,,,,,2,1.3,0,1.2,1.2,,,,,,,,,,,,,,,,,,,
Bhutan,BTN,"Intentional homicides, female (per 100,000 female)",VC.IHR.PSRC.FE.P5,,,,,,,,,,,,,,,,,,,,,,,,,,,,,,,,,,,,,,,,,,,,,,,,,,,,,,,,0.5,1.1,1.1,,
Botswana,BWA,"Intentional homicides, female (per 100,000 female)",VC.IHR.PSRC.FE.P5,,,,,,,,,,,,,,,,,,,,,,,,,,,,,,,,,,,,,,,,,,,,,,,,,,,,,,,,,,,,
Central African Republic,CAF,"Intentional homicides, female (per 100,000 female)",VC.IHR.PSRC.FE.P5,,,,,,,,,,,,,,,,,,,,,,,,,,,,,,,,,,,,,,,,,,,,,,,,,,,,,,,,,10.4,,,
Canada,CAN,"Intentional homicides, female (per 100,000 female)",VC.IHR.PSRC.FE.P5,,,,,,,,,,,,,,,,,,,,,,,,,,,,,,,1.7,2,1.7,1.4,1.4,1.3,1.4,1.3,1.2,1.1,1,1,1.3,1,1.2,1.1,1,1,0.9,1,0.9,1,0.9,0.8,0.8,1,0.8,0.9,,
Central Europe and the Baltics,CEB,"Intentional homicides, female (per 100,000 female)",VC.IHR.PSRC.FE.P5,,,,,,,,,,,,,,,,,,,,,,,,,,,,,,,,,,,,,,,,,,,,,,,,,,,,,,,,,,,,
Switzerland,CHE,"Intentional homicides, female (per 100,000 female)",VC.IHR.PSRC.FE.P5,,,,,,,,,,,,,,,,,,,,,,,,,,,,,,,1.5,1.3,1.2,1.2,1.1,1.1,0.9,1.1,0.8,1,1.1,1,1.3,1.1,1,1,1,0.7,0.6,0.7,0.7,0.6,0.4,0.8,0.6,0.7,0.6,0.5,,
Channel Islands,CHI,"Intentional homicides, female (per 100,000 female)",VC.IHR.PSRC.FE.P5,,,,,,,,,,,,,,,,,,,,,,,,,,,,,,,,,,,,,,,,,,,,,,,,,,,,,,,,,,,,
Chile,CHL,"Intentional homicides, female (per 100,000 female)",VC.IHR.PSRC.FE.P5,,,,,,,,,,,,,,,,,,,,,,,,,,,,,,,,,,,,,,,,,,,,,,1,1.1,1.3,1.2,1.2,1.1,1.3,0.4,1.2,,0.9,1,1.2,,
China,CHN,"Intentional homicides, female (per 100,000 female)",VC.IHR.PSRC.FE.P5,,,,,,,,,,,,,,,,,,,,,,,,,,,,,,,,,,,,,,,,,,,,,,,,,,,,,,,,,,,,
Cote d'Ivoire,CIV,"Intentional homicides, female (per 100,000 female)",VC.IHR.PSRC.FE.P5,,,,,,,,,,,,,,,,,,,,,,,,,,,,,,,,,,,,,,,,,,,,,,,,,,,,,,,,,,,,
Cameroon,CMR,"Intentional homicides, female (per 100,000 female)",VC.IHR.PSRC.FE.P5,,,,,,,,,,,,,,,,,,,,,,,,,,,,,,,,,,,,,,,,,,,,,,,,,,,,,,,0.8,1,0.9,,,
"Congo, Dem. Rep.",COD,"Intentional homicides, female (per 100,000 female)",VC.IHR.PSRC.FE.P5,,,,,,,,,,,,,,,,,,,,,,,,,,,,,,,,,,,,,,,,,,,,,,,,,,,,,,,,,,,,
"Congo, Rep.",COG,"Intentional homicides, female (per 100,000 female)",VC.IHR.PSRC.FE.P5,,,,,,,,,,,,,,,,,,,,,,,,,,,,,,,,,,,,,,,,,,,,,,,,,,,,,,,,,,,,
Colombia,COL,"Intentional homicides, female (per 100,000 female)",VC.IHR.PSRC.FE.P5,,,,,,,,,,,,,,,,,,,,,,,,,,,,,,,10.6,11.5,11.9,11.6,10.8,8.8,9.1,8.9,8.7,8.9,9.4,10.7,10.7,9.4,7.5,6.8,6,6.2,5.5,5.5,5.3,5.7,5.8,5.1,4.8,4.4,4.2,4.3,,
Comoros,COM,"Intentional homicides, female (per 100,000 female)",VC.IHR.PSRC.FE.P5,,,,,,,,,,,,,,,,,,,,,,,,,,,,,,,,,,,,,,,,,,,,,,,,,,,,,,,,,,,,
Cabo Verde,CPV,"Intentional homicides, female (per 100,000 female)",VC.IHR.PSRC.FE.P5,,,,,,,,,,,,,,,,,,,,,,,,,,,,,,,,,,,,,,,,,,,,,,,,,,,,2.8,3.9,2.7,5.7,2.6,,,,
Costa Rica,CRI,"Intentional homicides, female (per 100,000 female)",VC.IHR.PSRC.FE.P5,,,,,,,,,,,,,,,,,,,,,,,,,,,,,,,1.8,1.6,1.5,1.2,1.5,1.5,1,1.1,1.5,1.7,2.1,1.4,1.7,1.8,1.9,2.9,2.1,1.7,2.7,2.6,2.7,2.8,2.2,1.5,2.1,1.7,2.7,2.4,,
Caribbean small states,CSS,"Intentional homicides, female (per 100,000 female)",VC.IHR.PSRC.FE.P5,,,,,,,,,,,,,,,,,,,,,,,,,,,,,,,,,,,,,,,,,,,,,,,,,,,,,,,,,,,,
Cuba,CUB,"Intentional homicides, female (per 100,000 female)",VC.IHR.PSRC.FE.P5,,,,,,,,,,,,,,,,,,,,,,,,,,,,,,,,,3.3,3.4,3.9,3.9,3,3,3.4,2.9,2.8,2.9,3.3,2.7,2.6,3,2.4,2.5,2.1,2.7,2.2,2.3,2.4,2.6,2.7,2.4,2.1,,,
Curacao,CUW,"Intentional homicides, female (per 100,000 female)",VC.IHR.PSRC.FE.P5,,,,,,,,,,,,,,,,,,,,,,,,,,,,,,,,,,,,,,,,,,2.9,8.8,2.9,10.3,8.7,4.3,4.1,,,,,,,,,,,,
Cayman Islands,CYM,"Intentional homicides, female (per 100,000 female)",VC.IHR.PSRC.FE.P5,,,,,,,,,,,,,,,,,,,,,,,,,,,,,,,,,,,,,,,,,,,,,,,,,,,,,,,,,,,,
Cyprus,CYP,"Intentional homicides, female (per 100,000 female)",VC.IHR.PSRC.FE.P5,,,,,,,,,,,,,,,,,,,,,,,,,,,,,,,,,,,,,,,,,,,,,0.8,0.4,0.8,0.6,0.4,1.3,0.2,1.1,0.9,0.5,0.9,0.3,0.9,0,,
Czech Republic,CZE,"Intentional homicides, female (per 100,000 female)",VC.IHR.PSRC.FE.P5,,,,,,,,,,,,,,,,,,,,,,,,,,,,,,,,,,,1.6,1.1,1,1.2,0.9,1.2,0.9,0.9,1.1,1.1,0.9,0.9,1,1,0.8,0.7,1,0.8,0.9,0.9,0.8,0.9,0.7,0.6,,
Germany,DEU,"Intentional homicides, female (per 100,000 female)",VC.IHR.PSRC.FE.P5,,,,,,,,,,,,,,,,,,,,,,,,,,,,,,,,,,,,,,,,,1.1,0.9,1.1,0.9,1,0.9,0.9,0.9,0.8,0.9,1,0.8,0.7,0.8,0.8,0.8,1.1,0.9,,
Djibouti,DJI,"Intentional homicides, female (per 100,000 female)",VC.IHR.PSRC.FE.P5,,,,,,,,,,,,,,,,,,,,,,,,,,,,,,,,,,,,,,,,,,,,,,,,,,,,,,,,,,,,
Dominica,DMA,"Intentional homicides, female (per 100,000 female)",VC.IHR.PSRC.FE.P5,,,,,,,,,,,,,,,,,,,,,,,,,,,,,,,,,,,,,,,,,,,,,,,,,,,,,,,,,,,,
Denmark,DNK,"Intentional homicides, female (per 100,000 female)",VC.IHR.PSRC.FE.P5,,,,,,,,,,,,,,,,,,,,,,,,,,,,,,,1,1.6,1.2,1,0.9,0.7,1,1.6,0.8,1.1,1.2,0.7,0.6,1,0.6,0.7,0.4,0.6,0.6,0.5,0.8,0.5,0.6,0.5,1.1,0.9,0.8,0.7,,
Dominican Republic,DOM,"Intentional homicides, female (per 100,000 female)",VC.IHR.PSRC.FE.P5,,,,,,,,,,,,,,,,,,,,,,,,,,,,,,,,,,,,,,,,,,,,,,4.6,3.8,3.7,3.9,3.7,4.2,4.6,3.9,,3.6,,3.2,3.5,,
Algeria,DZA,"Intentional homicides, female (per 100,000 female)",VC.IHR.PSRC.FE.P5,,,,,,,,,,,,,,,,,,,,,,,,,,,,,,,,,,,,,,,,,,,,,,,,,,,,,,,0.4,0.4,,,,
East Asia & Pacific (excluding high income),EAP,"Intentional homicides, female (per 100,000 female)",VC.IHR.PSRC.FE.P5,,,,,,,,,,,,,,,,,,,,,,,,,,,,,,,,,,,,,,,,,,,,,,,,,,,,,,,,,,,,
Early-demographic dividend,EAR,"Intentional homicides, female (per 100,000 female)",VC.IHR.PSRC.FE.P5,,,,,,,,,,,,,,,,,,,,,,,,,,,,,,,,,,,,,,,,,,,,,,,,,,,,,,,,,,,,
East Asia & Pacific,EAS,"Intentional homicides, female (per 100,000 female)",VC.IHR.PSRC.FE.P5,,,,,,,,,,,,,,,,,,,,,,,,,,,,,,,,,,,,,,,,,,,,,,,,,,,,,,,,,,,,
Europe & Central Asia (excluding high income),ECA,"Intentional homicides, female (per 100,000 female)",VC.IHR.PSRC.FE.P5,,,,,,,,,,,,,,,,,,,,,,,,,,,,,,,,,,,,,,,,,,,,,,,,,,,,,,,,,,,,
Europe & Central Asia,ECS,"Intentional homicides, female (per 100,000 female)",VC.IHR.PSRC.FE.P5,,,,,,,,,,,,,,,,,,,,,,,,,,,,,,,,,,,,,,,,,,,,,,,,,,,,,,,,,,,,
Ecuador,ECU,"Intentional homicides, female (per 100,000 female)",VC.IHR.PSRC.FE.P5,,,,,,,,,,,,,,,,,,,,,,,,,,,,,,,1.6,2.1,1.5,1.5,1.7,,,,,,2.3,2.3,2.8,2.8,3.2,2.4,3.2,3.2,3,3.8,3.2,3.3,3,3.2,2.4,2.2,2.2,2.4,,
"Egypt, Arab Rep.",EGY,"Intentional homicides, female (per 100,000 female)",VC.IHR.PSRC.FE.P5,,,,,,,,,,,,,,,,,,,,,,,,,,,,,,,,,,,,,,,,,,,,,0.1,0.2,0.4,0.4,0.3,0.5,0.5,0.8,0.6,,,,,,,
Euro area,EMU,"Intentional homicides, female (per 100,000 female)",VC.IHR.PSRC.FE.P5,,,,,,,,,,,,,,,,,,,,,,,,,,,,,,,,,,,,,,,,,,,,,,,,,,,,,,,,,,,,
Eritrea,ERI,"Intentional homicides, female (per 100,000 female)",VC.IHR.PSRC.FE.P5,,,,,,,,,,,,,,,,,,,,,,,,,,,,,,,,,,,,,,,,,,,,,,,,,,,,,,,,,,,,
Spain,ESP,"Intentional homicides, female (per 100,000 female)",VC.IHR.PSRC.FE.P5,,,,,,,,,,,,,,,,,,,,,,,,,,,,,,,,,,,,,,,,,,0.6,0.6,0.8,0.9,0.6,0.7,0.7,0.5,0.6,0.7,0.5,0.5,0.5,0.5,0.5,0.5,0.5,,
Estonia,EST,"Intentional homicides, female (per 100,000 female)",VC.IHR.PSRC.FE.P5,,,,,,,,,,,,,,,,,,,,,,,,,,,,,,,,,,,7.9,4.2,6.2,5.2,5.4,5.4,3.4,4,4.4,5.4,2.2,3.9,3.4,2.7,2.6,3,2.3,2,2.4,2.6,1.3,1.5,1.3,1.1,,
Ethiopia,ETH,"Intentional homicides, female (per 100,000 female)",VC.IHR.PSRC.FE.P5,,,,,,,,,,,,,,,,,,,,,,,,,,,,,,,,,,,,,,,,,,,,,,,,,,,,,,,,,,,,
European Union,EUU,"Intentional homicides, female (per 100,000 female)",VC.IHR.PSRC.FE.P5,,,,,,,,,,,,,,,,,,,,,,,,,,,,,,,,,,,,,,,,,,,,,,,,,,,,,,,,,,,,
Fragile and conflict affected situations,FCS,"Intentional homicides, female (per 100,000 female)",VC.IHR.PSRC.FE.P5,,,,,,,,,,,,,,,,,,,,,,,,,,,,,,,,,,,,,,,,,,,,,,,,,,,,,,,,,,,,
Finland,FIN,"Intentional homicides, female (per 100,000 female)",VC.IHR.PSRC.FE.P5,,,,,,,,,,,,,,,,,,,,,,,,,,,,,,,1.5,1.5,2.1,1.5,1.8,1.9,1.7,1.4,1.2,1.2,1.7,1.8,1.6,1.1,1.2,1.3,1.4,1.8,1.6,1.2,1,1.3,1.5,0.9,1,0.6,0.8,1.1,,
Fiji,FJI,"Intentional homicides, female (per 100,000 female)",VC.IHR.PSRC.FE.P5,,,,,,,,,,,,,,,,,,,,,,,,,,,,,,,,,,,,,,,,,,,,,,2.2,3,4.4,2.4,1.9,1.4,2.1,1.6,1.9,2.8,,,,,
France,FRA,"Intentional homicides, female (per 100,000 female)",VC.IHR.PSRC.FE.P5,,,,,,,,,,,,,,,,,,,,,,,,,,,,,,,,,,,,,,,,,,,,,,,,,,,,,,,,1.2,1,0.9,,
Faroe Islands,FRO,"Intentional homicides, female (per 100,000 female)",VC.IHR.PSRC.FE.P5,,,,,,,,,,,,,,,,,,,,,,,,,,,,,,,,,,,,,,,,,,,,,,,,,,,,,,,,,,,,
"Micronesia, Fed. Sts.",FSM,"Intentional homicides, female (per 100,000 female)",VC.IHR.PSRC.FE.P5,,,,,,,,,,,,,,,,,,,,,,,,,,,,,,,,,,,,,,,,,,,,,,,,,,,,,,,,,,,,
Gabon,GAB,"Intentional homicides, female (per 100,000 female)",VC.IHR.PSRC.FE.P5,,,,,,,,,,,,,,,,,,,,,,,,,,,,,,,,,,,,,,,,,,,,,,,,,,,,,,,,,,,,
United Kingdom,GBR,"Intentional homicides, female (per 100,000 female)",VC.IHR.PSRC.FE.P5,,,,,,,,,,,,,,,,,,,,,,,,,,,,,,,,,,,,,,,,,,,,,,1,1.1,1.1,0.9,0.7,0.9,0.6,0.7,0.7,0.6,0.6,0.9,0.7,,
Georgia,GEO,"Intentional homicides, female (per 100,000 female)",VC.IHR.PSRC.FE.P5,,,,,,,,,,,,,,,,,,,,,,,,,,,,,,,,,,,,,,,,,,,,,1.4,3,1.9,1.9,1.9,1.5,1.3,,,,1.6,,1.7,,,
Ghana,GHA,"Intentional homicides, female (per 100,000 female)",VC.IHR.PSRC.FE.P5,,,,,,,,,,,,,,,,,,,,,,,,,,,,,,,,,,,,,,,,,,,,,,,,,,,,,,,,,,,,
Gibraltar,GIB,"Intentional homicides, female (per 100,000 female)",VC.IHR.PSRC.FE.P5,,,,,,,,,,,,,,,,,,,,,,,,,,,,,,,,,,,,,,,,,,,,,,,,,,,,,,,,,,,,
Guinea,GIN,"Intentional homicides, female (per 100,000 female)",VC.IHR.PSRC.FE.P5,,,,,,,,,,,,,,,,,,,,,,,,,,,,,,,,,,,,,,,,,,,,,,,,,,,,,,,,,,,,
"Gambia, The",GMB,"Intentional homicides, female (per 100,000 female)",VC.IHR.PSRC.FE.P5,,,,,,,,,,,,,,,,,,,,,,,,,,,,,,,,,,,,,,,,,,,,,,,,,,,,,,,,,,,,
Guinea-Bissau,GNB,"Intentional homicides, female (per 100,000 female)",VC.IHR.PSRC.FE.P5,,,,,,,,,,,,,,,,,,,,,,,,,,,,,,,,,,,,,,,,,,,,,,,,,,,,,,,,,,,,
Equatorial Guinea,GNQ,"Intentional homicides, female (per 100,000 female)",VC.IHR.PSRC.FE.P5,,,,,,,,,,,,,,,,,,,,,,,,,,,,,,,,,,,,,,,,,,,,,,,,,,,,,,,,,,,,
Greece,GRC,"Intentional homicides, female (per 100,000 female)",VC.IHR.PSRC.FE.P5,,,,,,,,,,,,,,,,,,,,,,,,,,,,,,,0.6,0.8,0.6,0.7,0.6,0.8,1,0.7,0.8,0.7,,0.6,0.4,0.6,0.5,0.8,0.4,0.6,0.6,0.4,0.6,0.6,0.7,0.9,0.5,0.5,0.5,0.4,,
Grenada,GRD,"Intentional homicides, female (per 100,000 female)",VC.IHR.PSRC.FE.P5,,,,,,,,,,,,,,,,,,,,,,,,,,,,,,,,,,,,,,,,,,,,,,5.8,5.8,3.8,3.8,5.7,3.8,1.9,9.5,3.8,5.7,3.8,5.6,3.7,,
Greenland,GRL,"Intentional homicides, female (per 100,000 female)",VC.IHR.PSRC.FE.P5,,,,,,,,,,,,,,,,,,,,,,,,,,,,,,,,,,,,,,,,,,,,,,,,,,,,,,,,,,,,
Guatemala,GTM,"Intentional homicides, female (per 100,000 female)",VC.IHR.PSRC.FE.P5,,,,,,,,,,,,,,,,,,,,,,,,,,,,,,,,,,,,,,,,,,,,,7.6,7.8,8.8,8.5,9.6,9.9,9.3,8.3,7.4,8.2,7.8,,,,,
Guam,GUM,"Intentional homicides, female (per 100,000 female)",VC.IHR.PSRC.FE.P5,,,,,,,,,,,,,,,,,,,,,,,,,,,,,,,,,,,,,,,,,,,,,,,,,,,,,,,,,,,,
Guyana,GUY,"Intentional homicides, female (per 100,000 female)",VC.IHR.PSRC.FE.P5,,,,,,,,,,,,,,,,,,,,,,,,,,,,,,,,,,,,,,,,,,,,,,7.5,6.1,7.5,10.2,7.8,8.3,9.1,7.2,7.9,,7.3,2.6,5.5,,
High income,HIC,"Intentional homicides, female (per 100,000 female)",VC.IHR.PSRC.FE.P5,,,,,,,,,,,,,,,,,,,,,,,,,,,,,,,,,,,,,,,,,,,,,,,,,,,,,,,,,,,,
"Hong Kong SAR, China",HKG,"Intentional homicides, female (per 100,000 female)",VC.IHR.PSRC.FE.P5,,,,,,,,,,,,,,,,,,,,,,,,,,,,,,,,,,,,,,,,,,,,0.6,0.6,0.4,0.5,0.3,0.7,0.7,0.5,0.2,0.3,1,0.3,0.2,0.3,0.4,,
Honduras,HND,"Intentional homicides, female (per 100,000 female)",VC.IHR.PSRC.FE.P5,,,,,,,,,,,,,,,,,,,,,,,,,,,,,,,,,,,,,,,,,,,,,,,5.5,8.4,7.9,9,9.4,11.5,14.2,11.3,11.2,10.6,10.2,8.4,,
Heavily indebted poor countries (HIPC),HPC,"Intentional homicides, female (per 100,000 female)",VC.IHR.PSRC.FE.P5,,,,,,,,,,,,,,,,,,,,,,,,,,,,,,,,,,,,,,,,,,,,,,,,,,,,,,,,,,,,
Croatia,HRV,"Intentional homicides, female (per 100,000 female)",VC.IHR.PSRC.FE.P5,,,,,,,,,,,,,,,,,,,,,,,,,,,,,,,1.8,5.1,3.9,2.3,1.3,1.9,1.6,1.3,1.5,1.2,1.4,1.2,1.4,1,1.6,1.2,1.4,1.1,1.1,1.1,1.4,0.9,0.8,0.9,0.8,0.7,0.9,0.8,,
Haiti,HTI,"Intentional homicides, female (per 100,000 female)",VC.IHR.PSRC.FE.P5,,,,,,,,,,,,,,,,,,,,,,,,,,,,,,,,,,,,,,,,,,,,,,,,,,,,,,1.3,1.6,1.6,1.4,,,
Hungary,HUN,"Intentional homicides, female (per 100,000 female)",VC.IHR.PSRC.FE.P5,,,,,,,,,,,,,,,,,,,,,,,,,,,,,,,1.3,2.2,2.1,2.2,1.8,1.8,2.1,2.1,2.1,2,1.6,1.6,1.6,1.7,1.7,1.4,1.4,1.2,1.3,1.2,1.2,0.8,1.1,1.4,1.3,2,1.6,1.4,,
IBRD only,IBD,"Intentional homicides, female (per 100,000 female)",VC.IHR.PSRC.FE.P5,,,,,,,,,,,,,,,,,,,,,,,,,,,,,,,,,,,,,,,,,,,,,,,,,,,,,,,,,,,,
IDA & IBRD total,IBT,"Intentional homicides, female (per 100,000 female)",VC.IHR.PSRC.FE.P5,,,,,,,,,,,,,,,,,,,,,,,,,,,,,,,,,,,,,,,,,,,,,,,,,,,,,,,,,,,,
IDA total,IDA,"Intentional homicides, female (per 100,000 female)",VC.IHR.PSRC.FE.P5,,,,,,,,,,,,,,,,,,,,,,,,,,,,,,,,,,,,,,,,,,,,,,,,,,,,,,,,,,,,
IDA blend,IDB,"Intentional homicides, female (per 100,000 female)",VC.IHR.PSRC.FE.P5,,,,,,,,,,,,,,,,,,,,,,,,,,,,,,,,,,,,,,,,,,,,,,,,,,,,,,,,,,,,
Indonesia,IDN,"Intentional homicides, female (per 100,000 female)",VC.IHR.PSRC.FE.P5,,,,,,,,,,,,,,,,,,,,,,,,,,,,,,,,,,,,,,,,,,,,,,,,,,,,,,,,,,,,
IDA only,IDX,"Intentional homicides, female (per 100,000 female)",VC.IHR.PSRC.FE.P5,,,,,,,,,,,,,,,,,,,,,,,,,,,,,,,,,,,,,,,,,,,,,,,,,,,,,,,,,,,,
Isle of Man,IMN,"Intentional homicides, female (per 100,000 female)",VC.IHR.PSRC.FE.P5,,,,,,,,,,,,,,,,,,,,,,,,,,,,,,,,,,,,,,,,,,,,,,,,,,,,,,,,,,,,
India,IND,"Intentional homicides, female (per 100,000 female)",VC.IHR.PSRC.FE.P5,,,,,,,,,,,,,,,,,,,,,,,,,,,,,,,,,,,,,,,,2.9,3,2.9,2.8,2.7,2.9,2.8,2.8,3,2.9,3.1,3,3.1,3,2.9,2.9,2.7,2.8,,,
Not classified,INX,"Intentional homicides, female (per 100,000 female)",VC.IHR.PSRC.FE.P5,,,,,,,,,,,,,,,,,,,,,,,,,,,,,,,,,,,,,,,,,,,,,,,,,,,,,,,,,,,,
Ireland,IRL,"Intentional homicides, female (per 100,000 female)",VC.IHR.PSRC.FE.P5,,,,,,,,,,,,,,,,,,,,,,,,,,,,,,,0.1,0.4,0.3,0.3,0.3,0.3,1,0.6,0.3,0.3,0.4,0.4,0.5,0.4,0.2,0.4,0.8,0.5,0.4,0.4,0.3,0.1,0.5,0.3,,,,,,
"Iran, Islamic Rep.",IRN,"Intentional homicides, female (per 100,000 female)",VC.IHR.PSRC.FE.P5,,,,,,,,,,,,,,,,,,,,,,,,,,,,,,,,,,,,,,,,,,,,,,,,,,,,,,0.8,0.6,,,,,
Iraq,IRQ,"Intentional homicides, female (per 100,000 female)",VC.IHR.PSRC.FE.P5,,,,,,,,,,,,,,,,,,,,,,,,,,,,,,,,,,,,,,,,,,,,,,,,,4.4,6.4,3.2,3.1,3.1,3.2,,,,,,
Iceland,ISL,"Intentional homicides, female (per 100,000 female)",VC.IHR.PSRC.FE.P5,,,,,,,,,,,,,,,,,,,,,,,,,,,,,,,,,,,,,0,,,0.7,,,,,,0,,0,,0,0,0.6,0.6,0,1.2,0,0.6,1.2,,
Israel,ISR,"Intentional homicides, female (per 100,000 female)",VC.IHR.PSRC.FE.P5,,,,,,,,,,,,,,,,,,,,,,,,,,,,,,,,,,1.4,1.1,,,,,0.7,1.2,2,,1.7,1.4,1.5,1.3,0.7,0.8,0.7,0.9,0.9,0.6,,0.6,,,,,
Italy,ITA,"Intentional homicides, female (per 100,000 female)",VC.IHR.PSRC.FE.P5,,,,,,,,,,,,,,,,,,,,,,,,,,,,,,,0.7,0.8,0.7,0.7,0.5,0.7,0.7,0.7,0.7,0.6,0.6,0.6,0.6,0.7,,0.5,0.6,0.5,0.5,0.6,0.5,0.5,0.5,0.6,0.5,0.4,0.5,,,
Jamaica,JAM,"Intentional homicides, female (per 100,000 female)",VC.IHR.PSRC.FE.P5,,,,,,,,,,,,,,,,,,,,,,,,,,,,,,,,,,,,,,,,,,,,,,13.4,10.9,10.8,11.7,11,10.2,8.4,8.9,9.1,7,8,9.3,11,,
Jordan,JOR,"Intentional homicides, female (per 100,000 female)",VC.IHR.PSRC.FE.P5,,,,,,,,,,,,,,,,,,,,,,,,,,,,,,,,,,,,,,,,,,,,,,,,1,0.9,1.1,1.1,0.8,0.6,,,,0.7,0.7,,
Japan,JPN,"Intentional homicides, female (per 100,000 female)",VC.IHR.PSRC.FE.P5,,,,,,,,,,,,,,,,,,,,,,,,,,,,,,,0.5,0.5,0.5,0.5,0.5,0.5,0.5,0.5,0.6,0.5,0.5,0.5,0.5,0.5,0.5,0.5,0.5,0.4,0.5,0.4,0.4,0.4,0.4,0.3,0.3,0.3,0.3,0.3,,
Kazakhstan,KAZ,"Intentional homicides, female (per 100,000 female)",VC.IHR.PSRC.FE.P5,,,,,,,,,,,,,,,,,,,,,,,,,,,,,,,,,,,,,,,,,,,,,,,,,4.4,5,4.1,3.8,3.2,3.2,2.3,2.7,,2.4,,
Kenya,KEN,"Intentional homicides, female (per 100,000 female)",VC.IHR.PSRC.FE.P5,,,,,,,,,,,,,,,,,,,,,,,,,,,,,,,,,,,,,,,,,,,,,,,,,,,,,,,2.3,2.6,2.6,1.7,,
Kyrgyz Republic,KGZ,"Intentional homicides, female (per 100,000 female)",VC.IHR.PSRC.FE.P5,,,,,,,,,,,,,,,,,,,,,,,,,,,,,,,,,,,,,,,,,3.1,2.7,3.1,3.7,3.5,4.1,3.4,3.7,3.3,4.9,,,,,,,,,,
Cambodia,KHM,"Intentional homicides, female (per 100,000 female)",VC.IHR.PSRC.FE.P5,,,,,,,,,,,,,,,,,,,,,,,,,,,,,,,,,,,,,,,,,,,,,,,,,,,,,,,,,,,,
Kiribati,KIR,"Intentional homicides, female (per 100,000 female)",VC.IHR.PSRC.FE.P5,,,,,,,,,,,,,,,,,,,,,,,,,,,,,,,,,,,,,,,,,,,,,,,,,,,,,,,,,,,,
St. Kitts and Nevis,KNA,"Intentional homicides, female (per 100,000 female)",VC.IHR.PSRC.FE.P5,,,,,,,,,,,,,,,,,,,,,,,,,,,,,,,,,,,,,,,,,,,,,,,,,,,,,,,,,,,,
"Korea, Rep.",KOR,"Intentional homicides, female (per 100,000 female)",VC.IHR.PSRC.FE.P5,,,,,,,,,,,,,,,,,,,,,,,,,,,,,,,,,,,,,,,,,,,,,,,,,,,,0.9,0.9,0.7,0.8,0.8,0.8,0.6,,
Kuwait,KWT,"Intentional homicides, female (per 100,000 female)",VC.IHR.PSRC.FE.P5,,,,,,,,,,,,,,,,,,,,,,,,,,,,,,,,,,,,,,,,,,,,0.6,1.2,1.7,0.6,1.2,1,1,1,0.8,0.7,,,,,,,
Latin America & Caribbean (excluding high income),LAC,"Intentional homicides, female (per 100,000 female)",VC.IHR.PSRC.FE.P5,,,,,,,,,,,,,,,,,,,,,,,,,,,,,,,,,,,,,,,,,,,,,,,,,,,,,,,,,,,,
Lao PDR,LAO,"Intentional homicides, female (per 100,000 female)",VC.IHR.PSRC.FE.P5,,,,,,,,,,,,,,,,,,,,,,,,,,,,,,,,,,,,,,,,,,,,,,,,,,,,,,,,,,,,
Lebanon,LBN,"Intentional homicides, female (per 100,000 female)",VC.IHR.PSRC.FE.P5,,,,,,,,,,,,,,,,,,,,,,,,,,,,,,,,,,,,,,,,,,,,,,,,,,,,,,,,,,,,
Liberia,LBR,"Intentional homicides, female (per 100,000 female)",VC.IHR.PSRC.FE.P5,,,,,,,,,,,,,,,,,,,,,,,,,,,,,,,,,,,,,,,,,,,,,,,,,,,,,,,,,,,,
Libya,LBY,"Intentional homicides, female (per 100,000 female)",VC.IHR.PSRC.FE.P5,,,,,,,,,,,,,,,,,,,,,,,,,,,,,,,,,,,,,,,,,,,,,,,,,,,,,,,,,,,,
St. Lucia,LCA,"Intentional homicides, female (per 100,000 female)",VC.IHR.PSRC.FE.P5,,,,,,,,,,,,,,,,,,,,,,,,,,,,,,,7.1,4.2,4.2,0,4.1,4,1.3,6.5,2.6,2.5,3.1,,8.1,2.6,4.7,,,,,7,6.3,8.3,7.1,5.6,0,5.5,2.2,4.4,,
Latin America & Caribbean,LCN,"Intentional homicides, female (per 100,000 female)",VC.IHR.PSRC.FE.P5,,,,,,,,,,,,,,,,,,,,,,,,,,,,,,,,,,,,,,,,,,,,,,,,,,,,,,,,,,,,
Least developed countries: UN classification,LDC,"Intentional homicides, female (per 100,000 female)",VC.IHR.PSRC.FE.P5,,,,,,,,,,,,,,,,,,,,,,,,,,,,,,,,,,,,,,,,,,,,,,,,,,,,,,,,,,,,
Low income,LIC,"Intentional homicides, female (per 100,000 female)",VC.IHR.PSRC.FE.P5,,,,,,,,,,,,,,,,,,,,,,,,,,,,,,,,,,,,,,,,,,,,,,,,,,,,,,,,,,,,
Liechtenstein,LIE,"Intentional homicides, female (per 100,000 female)",VC.IHR.PSRC.FE.P5,,,,,,,,,,,,,,,,,,,,,,,,,,,,,,,,,,,,,,,,,,,,,,,,,,,,,,,,,,,,
Sri Lanka,LKA,"Intentional homicides, female (per 100,000 female)",VC.IHR.PSRC.FE.P5,,,,,,,,,,,,,,,,,,,,,,,,,,,,,,,,,,,,,,,,,,,,,,,,,3.4,2,1.6,1.8,1.6,1.4,1.2,1,1.2,0.8,,
Lower middle income,LMC,"Intentional homicides, female (per 100,000 female)",VC.IHR.PSRC.FE.P5,,,,,,,,,,,,,,,,,,,,,,,,,,,,,,,,,,,,,,,,,,,,,,,,,,,,,,,,,,,,
Low & middle income,LMY,"Intentional homicides, female (per 100,000 female)",VC.IHR.PSRC.FE.P5,,,,,,,,,,,,,,,,,,,,,,,,,,,,,,,,,,,,,,,,,,,,,,,,,,,,,,,,,,,,
Lesotho,LSO,"Intentional homicides, female (per 100,000 female)",VC.IHR.PSRC.FE.P5,,,,,,,,,,,,,,,,,,,,,,,,,,,,,,,,,,,,,,,,,,,,,,,,,,,,,,,,,,,,
Late-demographic dividend,LTE,"Intentional homicides, female (per 100,000 female)",VC.IHR.PSRC.FE.P5,,,,,,,,,,,,,,,,,,,,,,,,,,,,,,,,,,,,,,,,,,,,,,,,,,,,,,,,,,,,
Lithuania,LTU,"Intentional homicides, female (per 100,000 female)",VC.IHR.PSRC.FE.P5,,,,,,,,,,,,,,,,,,,,,,,,,,,,,,,,,,5.2,6.4,8,6.1,6.1,4.8,4.9,5.5,4.8,3.8,5.7,7.2,5.6,4.2,4.1,4.7,3.7,4.4,4,3.2,3.7,3.3,3.1,2.9,3.1,,
Luxembourg,LUX,"Intentional homicides, female (per 100,000 female)",VC.IHR.PSRC.FE.P5,,,,,,,,,,,,,,,,,,,,,,,,,,,,,,,,,,,,,0.9,,,,,1.8,,,0.4,,0.8,1.2,,0,2,0,,,0.7,,,,,
Latvia,LVA,"Intentional homicides, female (per 100,000 female)",VC.IHR.PSRC.FE.P5,,,,,,,,,,,,,,,,,,,,,,,,,,,,,,,,,,,,,,,,,,,,,,,,,,,,,3.3,2.2,3.4,2.7,,3.8,,
"Macao SAR, China",MAC,"Intentional homicides, female (per 100,000 female)",VC.IHR.PSRC.FE.P5,,,,,,,,,,,,,,,,,,,,,,,,,,,,,,,,,,,3.1,,,,,,,,,,,,,,1.1,1.5,0,1.1,0.3,0.3,,0.3,0,0.6,,
St. Martin (French part),MAF,"Intentional homicides, female (per 100,000 female)",VC.IHR.PSRC.FE.P5,,,,,,,,,,,,,,,,,,,,,,,,,,,,,,,,,,,,,,,,,,,,,,,,,,,,,,,,,,,,
Morocco,MAR,"Intentional homicides, female (per 100,000 female)",VC.IHR.PSRC.FE.P5,,,,,,,,,,,,,,,,,,,,,,,,,,,,,,,,,,,,,,,,,,,,,,,,,,0.3,,,0.3,0.4,0.3,0.6,0.6,0.6,,
Monaco,MCO,"Intentional homicides, female (per 100,000 female)",VC.IHR.PSRC.FE.P5,,,,,,,,,,,,,,,,,,,,,,,,,,,,,,,,,,,,,,,,,,,,,,,,,,,,,,,,,,,,
Moldova,MDA,"Intentional homicides, female (per 100,000 female)",VC.IHR.PSRC.FE.P5,,,,,,,,,,,,,,,,,,,,,,,,,,,,,,,,4.2,5.5,4.9,4.6,4.1,5,4.8,4.1,4.5,5.5,5.5,5.8,4.9,4.3,4.6,3.5,3.2,4.3,3.3,2.5,2.6,3,2.6,2.3,,,,,
Madagascar,MDG,"Intentional homicides, female (per 100,000 female)",VC.IHR.PSRC.FE.P5,,,,,,,,,,,,,,,,,,,,,,,,,,,,,,,,,,,,,,,,,,,,,,,,,,,,,,,,,,,,
Maldives,MDV,"Intentional homicides, female (per 100,000 female)",VC.IHR.PSRC.FE.P5,,,,,,,,,,,,,,,,,,,,,,,,,,,,,,,,,,,,,,,,,,,,,,,,,,,,,,,,,,,,
Middle East & North Africa,MEA,"Intentional homicides, female (per 100,000 female)",VC.IHR.PSRC.FE.P5,,,,,,,,,,,,,,,,,,,,,,,,,,,,,,,,,,,,,,,,,,,,,,,,,,,,,,,,,,,,
Mexico,MEX,"Intentional homicides, female (per 100,000 female)",VC.IHR.PSRC.FE.P5,,,,,,,,,,,,,,,,,,,,,,,,,,,,,,,3.6,3.5,3.6,3.4,3.2,3.2,3,2.8,3.1,2.8,2.5,2.5,2.4,2.5,2.2,2.4,2.3,1.9,2.5,3.3,4.1,4.5,4.6,4.3,3.9,3.8,4.4,5.3,,
Marshall Islands,MHL,"Intentional homicides, female (per 100,000 female)",VC.IHR.PSRC.FE.P5,,,,,,,,,,,,,,,,,,,,,,,,,,,,,,,,,,,,,,,,,,,,,,,,,,,,,,,,,,,,
Middle income,MIC,"Intentional homicides, female (per 100,000 female)",VC.IHR.PSRC.FE.P5,,,,,,,,,,,,,,,,,,,,,,,,,,,,,,,,,,,,,,,,,,,,,,,,,,,,,,,,,,,,
North Macedonia,MKD,"Intentional homicides, female (per 100,000 female)",VC.IHR.PSRC.FE.P5,,,,,,,,,,,,,,,,,,,,,,,,,,,,,,,,,,,,,,,1,0.9,1.1,,0.8,1.7,1.2,0.9,0.9,1.1,0.9,1.2,1.4,0.4,1.1,0.7,1,0.2,0.6,0.4,,
Mali,MLI,"Intentional homicides, female (per 100,000 female)",VC.IHR.PSRC.FE.P5,,,,,,,,,,,,,,,,,,,,,,,,,,,,,,,,,,,,,,,,,,,,,,,,,,,,,,,,,,,,
Malta,MLT,"Intentional homicides, female (per 100,000 female)",VC.IHR.PSRC.FE.P5,,,,,,,,,,,,,,,,,,,,,,,,,,,,,,,,,,,,,,,,,,,,,2,1,,0.5,0.5,1.4,0.5,1.4,1.4,0,0.5,0.9,,,,
Myanmar,MMR,"Intentional homicides, female (per 100,000 female)",VC.IHR.PSRC.FE.P5,,,,,,,,,,,,,,,,,,,,,,,,,,,,,,,,,,,,,,,,,,,,,,,,,,0.5,0.6,0.4,0.9,0.8,0.8,0.7,0.8,,,
Middle East & North Africa (excluding high income),MNA,"Intentional homicides, female (per 100,000 female)",VC.IHR.PSRC.FE.P5,,,,,,,,,,,,,,,,,,,,,,,,,,,,,,,,,,,,,,,,,,,,,,,,,,,,,,,,,,,,
Montenegro,MNE,"Intentional homicides, female (per 100,000 female)",VC.IHR.PSRC.FE.P5,,,,,,,,,,,,,,,,,,,,,,,,,,,,,,,,,,,,,,,,,,,,,,,,1,1.6,2.1,2.2,0.9,0.9,0.3,1.3,0.9,0.9,1.3,,
Mongolia,MNG,"Intentional homicides, female (per 100,000 female)",VC.IHR.PSRC.FE.P5,,,,,,,,,,,,,,,,,,,,,,,,,,,,,,,,,,,,,,,,,,,,,,,,5.1,3.7,4.4,4.9,4.3,4,3.9,3.7,2.9,2.6,2.9,,
Northern Mariana Islands,MNP,"Intentional homicides, female (per 100,000 female)",VC.IHR.PSRC.FE.P5,,,,,,,,,,,,,,,,,,,,,,,,,,,,,,,,,,,,,,,,,,,,,,,,,,,,,,,,,,,,
Mozambique,MOZ,"Intentional homicides, female (per 100,000 female)",VC.IHR.PSRC.FE.P5,,,,,,,,,,,,,,,,,,,,,,,,,,,,,,,,,,,,,,,,,,,,,,,,,,,,,,,,,,,,
Mauritania,MRT,"Intentional homicides, female (per 100,000 female)",VC.IHR.PSRC.FE.P5,,,,,,,,,,,,,,,,,,,,,,,,,,,,,,,,,,,,,,,,,,,,,,,,,,,,,,,,,,,,
Mauritius,MUS,"Intentional homicides, female (per 100,000 female)",VC.IHR.PSRC.FE.P5,,,,,,,,,,,,,,,,,,,,,,,,,,,,,,,0.8,0.8,1.6,1.1,2.1,0.9,1.4,0.8,1.1,1.6,1.9,,,1.8,1.1,2.1,2.1,2,2.8,2.6,1.3,1.3,1.6,1.7,1.3,0.9,1.6,,,
Malawi,MWI,"Intentional homicides, female (per 100,000 female)",VC.IHR.PSRC.FE.P5,,,,,,,,,,,,,,,,,,,,,,,,,,,,,,,,,,,,,,,,,,,,,,,,,,,,,,,,,,,,
Malaysia,MYS,"Intentional homicides, female (per 100,000 female)",VC.IHR.PSRC.FE.P5,,,,,,,,,,,,,,,,,,,,,,,,,,,,,,,,,,,,,,,,,,,,,,,,,,,,,,,,,,,,
North America,NAC,"Intentional homicides, female (per 100,000 female)",VC.IHR.PSRC.FE.P5,,,,,,,,,,,,,,,,,,,,,,,,,,,,,,,,,,,,,,,,,,,,,,,,,,,,,,,,,,,,
Namibia,NAM,"Intentional homicides, female (per 100,000 female)",VC.IHR.PSRC.FE.P5,,,,,,,,,,,,,,,,,,,,,,,,,,,,,,,,,,,,,,,,,,,,,,,,,,,,,,,,,,,,
New Caledonia,NCL,"Intentional homicides, female (per 100,000 female)",VC.IHR.PSRC.FE.P5,,,,,,,,,,,,,,,,,,,,,,,,,,,,,,,,,,,,,,,,,,,,,,,,,,,,,,,,,,,,
Niger,NER,"Intentional homicides, female (per 100,000 female)",VC.IHR.PSRC.FE.P5,,,,,,,,,,,,,,,,,,,,,,,,,,,,,,,,,,,,,,,,,,,,,,,,,,,,,,,,,,,,
Nigeria,NGA,"Intentional homicides, female (per 100,000 female)",VC.IHR.PSRC.FE.P5,,,,,,,,,,,,,,,,,,,,,,,,,,,,,,,,,,,,,,,,,,,,,,,,,,,,,,,,,,,,
Nicaragua,NIC,"Intentional homicides, female (per 100,000 female)",VC.IHR.PSRC.FE.P5,,,,,,,,,,,,,,,,,,,,,,,,,,,,,,,,,,,,,,,,,,,,,,,,,2,3.3,2.7,1.9,2.1,2.2,,2.1,,,,
Netherlands,NLD,"Intentional homicides, female (per 100,000 female)",VC.IHR.PSRC.FE.P5,,,,,,,,,,,,,,,,,,,,,,,,,,,,,,,0.6,0.8,0.7,0.7,0.7,1,0.8,0.8,0.6,0.7,0.7,0.8,0.8,0.9,0.6,0.7,0.6,0.6,0.6,0.6,0.6,0.6,0.6,0.7,0.4,0.5,0.4,0.5,,
Norway,NOR,"Intentional homicides, female (per 100,000 female)",VC.IHR.PSRC.FE.P5,,,,,,,,,,,,,,,,,,,,,,,,,,,,,,,0.5,0.7,0.6,0.8,0.7,0.7,0.9,0.5,0.6,0.5,1,0.6,0.7,1.1,0.5,0.7,0.9,0.7,0.4,0.5,0.6,2.1,0.4,0.8,0.5,0.5,0.4,0.5,,
Nepal,NPL,"Intentional homicides, female (per 100,000 female)",VC.IHR.PSRC.FE.P5,,,,,,,,,,,,,,,,,,,,,,,,,,,,,,,,,,,,,,,,,,,,,,,,,,,,,,,,,,,,
Nauru,NRU,"Intentional homicides, female (per 100,000 female)",VC.IHR.PSRC.FE.P5,,,,,,,,,,,,,,,,,,,,,,,,,,,,,,,,,,,,,,,,,,,,,,,,,,,,,,,,,,,,
New Zealand,NZL,"Intentional homicides, female (per 100,000 female)",VC.IHR.PSRC.FE.P5,,,,,,,,,,,,,,,,,,,,,,,,,,,,,,,,,,,,0.6,0.9,1.3,1.1,0.5,1.1,1.1,1.3,0.7,0.6,1.3,0.8,0.9,1.1,1.1,1,0.7,0.9,0.5,0.6,0.7,0.9,0.5,,
OECD members,OED,"Intentional homicides, female (per 100,000 female)",VC.IHR.PSRC.FE.P5,,,,,,,,,,,,,,,,,,,,,,,,,,,,,,,,,,,,,,,,,,,,,,,,,,,,,,,,,,,,
Oman,OMN,"Intentional homicides, female (per 100,000 female)",VC.IHR.PSRC.FE.P5,,,,,,,,,,,,,,,,,,,,,,,,,,,,,,,,,,,,,,,,,,,,,,,,,,,,,,,0.4,0.3,0.3,0.3,,
Other small states,OSS,"Intentional homicides, female (per 100,000 female)",VC.IHR.PSRC.FE.P5,,,,,,,,,,,,,,,,,,,,,,,,,,,,,,,,,,,,,,,,,,,,,,,,,,,,,,,,,,,,
Pakistan,PAK,"Intentional homicides, female (per 100,000 female)",VC.IHR.PSRC.FE.P5,,,,,,,,,,,,,,,,,,,,,,,,,,,,,,,,,,,,,,,,,,,,,,,,,,,,,,,,,,,,
Panama,PAN,"Intentional homicides, female (per 100,000 female)",VC.IHR.PSRC.FE.P5,,,,,,,,,,,,,,,,,,,,,,,,,,,,,,,,,,,,,1.6,2.1,2.8,1.3,1.9,1.7,2.5,2.3,1.7,2.2,1.1,1.2,1.8,2.2,1.7,1.4,1.8,2.6,2.1,2.6,2.3,2.2,,
Peru,PER,"Intentional homicides, female (per 100,000 female)",VC.IHR.PSRC.FE.P5,,,,,,,,,,,,,,,,,,,,,,,,,,,,,,,,,,,,,,,,,,,,,,,,,,,,1.9,2.1,2,2.2,2.6,3.3,1.6,,
Philippines,PHL,"Intentional homicides, female (per 100,000 female)",VC.IHR.PSRC.FE.P5,,,,,,,,,,,,,,,,,,,,,,,,,,,,,,,,,,,,,,,,,,,,,,,,2.1,2.7,3.4,2.6,2.2,2.3,,,,,,,
Palau,PLW,"Intentional homicides, female (per 100,000 female)",VC.IHR.PSRC.FE.P5,,,,,,,,,,,,,,,,,,,,,,,,,,,,,,,,,,,,,,,,,,,,,,,,,,,,,,,,,,,,
Papua New Guinea,PNG,"Intentional homicides, female (per 100,000 female)",VC.IHR.PSRC.FE.P5,,,,,,,,,,,,,,,,,,,,,,,,,,,,,,,,,,,,,,,,,,,,,,,,,,,,,,,,,,,,
Poland,POL,"Intentional homicides, female (per 100,000 female)",VC.IHR.PSRC.FE.P5,,,,,,,,,,,,,,,,,,,,,,,,,,,,,,,1.1,1.4,1.1,1.3,1.3,1.2,1.3,,,0.9,1.2,1.1,1,1,0.8,0.7,0.7,0.6,0.4,0.6,0.6,0.7,0.6,0.4,0.4,0.6,0.4,0.5,,
Pre-demographic dividend,PRE,"Intentional homicides, female (per 100,000 female)",VC.IHR.PSRC.FE.P5,,,,,,,,,,,,,,,,,,,,,,,,,,,,,,,,,,,,,,,,,,,,,,,,,,,,,,,,,,,,
Puerto Rico,PRI,"Intentional homicides, female (per 100,000 female)",VC.IHR.PSRC.FE.P5,,,,,,,,,,,,,,,,,,,,,,,,,,,,,,,4.1,5.9,4.1,5.3,4.4,4.1,4,3,3,2.9,3.6,2.8,3,2.7,3.2,2.9,2.1,2.8,2.9,2.8,3.2,4.5,3.7,2.9,2.4,1.8,3.1,1.8,,
"Korea, Dem. People’s Rep.",PRK,"Intentional homicides, female (per 100,000 female)",VC.IHR.PSRC.FE.P5,,,,,,,,,,,,,,,,,,,,,,,,,,,,,,,,,,,,,,,,,,,,,,,,,,,,,,,,,,,,
Portugal,PRT,"Intentional homicides, female (per 100,000 female)",VC.IHR.PSRC.FE.P5,,,,,,,,,,,,,,,,,,,,,,,,,,,,,,,,,,,0.8,0.7,0.5,0.5,0.6,0.6,0.7,0.5,0.7,0.6,0.7,0.6,0.8,0.9,0.7,0.7,0.8,0.7,0.7,0.9,0.9,,,,,
Paraguay,PRY,"Intentional homicides, female (per 100,000 female)",VC.IHR.PSRC.FE.P5,,,,,,,,,,,,,,,,,,,,,,,,,,,,,,,,,,,,,,,,,,,,,,,,1.6,2,2.3,2.4,2,2.3,1.6,2.1,1.7,,,,
West Bank and Gaza,PSE,"Intentional homicides, female (per 100,000 female)",VC.IHR.PSRC.FE.P5,,,,,,,,,,,,,,,,,,,,,,,,,,,,,,,,,,,,,,,,,,,,,,,,,,,0.5,0.2,0.2,,,,,,,
Pacific island small states,PSS,"Intentional homicides, female (per 100,000 female)",VC.IHR.PSRC.FE.P5,,,,,,,,,,,,,,,,,,,,,,,,,,,,,,,,,,,,,,,,,,,,,,,,,,,,,,,,,,,,
Post-demographic dividend,PST,"Intentional homicides, female (per 100,000 female)",VC.IHR.PSRC.FE.P5,,,,,,,,,,,,,,,,,,,,,,,,,,,,,,,,,,,,,,,,,,,,,,,,,,,,,,,,,,,,
French Polynesia,PYF,"Intentional homicides, female (per 100,000 female)",VC.IHR.PSRC.FE.P5,,,,,,,,,,,,,,,,,,,,,,,,,,,,,,,,,,,,,,,,,,,,,,,,,,,,,,,,,,,,
Qatar,QAT,"Intentional homicides, female (per 100,000 female)",VC.IHR.PSRC.FE.P5,,,,,,,,,,,,,,,,,,,,,,,,,,,,,,,,,,,,,,,,,,0.5,,,0.4,1.4,0.3,0.9,0.3,0.5,0,0,0.2,0.2,0.3,,,,,
Romania,ROU,"Intentional homicides, female (per 100,000 female)",VC.IHR.PSRC.FE.P5,,,,,,,,,,,,,,,,,,,,,,,,,,,,,,,1.6,1.6,1.8,1.7,1.9,1.8,1.9,1.9,1.4,1.4,1.4,1.4,1.6,1.4,1.5,1.2,1.3,1.3,1.5,1.2,1.3,1.1,1.2,1.1,1,1,,,,
Russian Federation,RUS,"Intentional homicides, female (per 100,000 female)",VC.IHR.PSRC.FE.P5,,,,,,,,,,,,,,,,,,,,,,,,,,,,,,,6.5,6.8,9.9,13.5,14.3,13.7,12.3,11.1,10.8,12.6,13.3,13.9,13.8,13.4,12.5,11.5,9.4,8.1,7.5,7,,,5.5,5.2,5.4,5.6,5.4,4.5,,
Rwanda,RWA,"Intentional homicides, female (per 100,000 female)",VC.IHR.PSRC.FE.P5,,,,,,,,,,,,,,,,,,,,,,,,,,,,,,,,,,,,,,,,,,,,,,,,,,,,,,,,,,,,
South Asia,SAS,"Intentional homicides, female (per 100,000 female)",VC.IHR.PSRC.FE.P5,,,,,,,,,,,,,,,,,,,,,,,,,,,,,,,,,,,,,,,,,,,,,,,,,,,,,,,,,,,,
Saudi Arabia,SAU,"Intentional homicides, female (per 100,000 female)",VC.IHR.PSRC.FE.P5,,,,,,,,,,,,,,,,,,,,,,,,,,,,,,,,,,,,,,,,,,,,,,,,,,,,,,,,,,0.3,,
Sudan,SDN,"Intentional homicides, female (per 100,000 female)",VC.IHR.PSRC.FE.P5,,,,,,,,,,,,,,,,,,,,,,,,,,,,,,,,,,,,,,,,,,,,,,,,,,,,,,,,,,,,
Senegal,SEN,"Intentional homicides, female (per 100,000 female)",VC.IHR.PSRC.FE.P5,,,,,,,,,,,,,,,,,,,,,,,,,,,,,,,,,,,,,,,,,,,,,,,,,,,,,,,,,,,,
Singapore,SGP,"Intentional homicides, female (per 100,000 female)",VC.IHR.PSRC.FE.P5,,,,,,,,,,,,,,,,,,,,,,,,,,,,,,,,,,,,,,,,,,,,,,,0.2,0.2,0.4,0.3,0.1,0.2,0.2,0.2,0.3,0.1,0.2,0.2,,
Solomon Islands,SLB,"Intentional homicides, female (per 100,000 female)",VC.IHR.PSRC.FE.P5,,,,,,,,,,,,,,,,,,,,,,,,,,,,,,,,,,,,,,,,,,,,,,,,,,,,,,,,,,,,
Sierra Leone,SLE,"Intentional homicides, female (per 100,000 female)",VC.IHR.PSRC.FE.P5,,,,,,,,,,,,,,,,,,,,,,,,,,,,,,,,,,,,,,,,,,,,,,,,,,,,,,,,,,,,
El Salvador,SLV,"Intentional homicides, female (per 100,000 female)",VC.IHR.PSRC.FE.P5,,,,,,,,,,,,,,,,,,,,,,,,,,,,,,,,,,,,,,,,,,,,,,12.6,14.1,10.7,9.9,18.3,17.3,19.2,9.8,6.6,8.8,17.2,15.6,13.9,,
San Marino,SMR,"Intentional homicides, female (per 100,000 female)",VC.IHR.PSRC.FE.P5,,,,,,,,,,,,,,,,,,,,,,,,,,,,,,,,,,,,,,,,,,,,,,,,,,,,,,,,,,,,
Somalia,SOM,"Intentional homicides, female (per 100,000 female)",VC.IHR.PSRC.FE.P5,,,,,,,,,,,,,,,,,,,,,,,,,,,,,,,,,,,,,,,,,,,,,,,,,,,,,,,,,,,,
Serbia,SRB,"Intentional homicides, female (per 100,000 female)",VC.IHR.PSRC.FE.P5,,,,,,,,,,,,,,,,,,,,,,,,,,,,,,,,,,,,,,,,,1.2,1.6,1.2,1.4,1.1,1,1.1,1.2,0.8,0.8,0.9,0.8,0.8,1,0.8,0.7,0.9,0.6,,
Sub-Saharan Africa (excluding high income),SSA,"Intentional homicides, female (per 100,000 female)",VC.IHR.PSRC.FE.P5,,,,,,,,,,,,,,,,,,,,,,,,,,,,,,,,,,,,,,,,,,,,,,,,,,,,,,,,,,,,
South Sudan,SSD,"Intentional homicides, female (per 100,000 female)",VC.IHR.PSRC.FE.P5,,,,,,,,,,,,,,,,,,,,,,,,,,,,,,,,,,,,,,,,,,,,,,,,,,,,,,,,,,,,
Sub-Saharan Africa,SSF,"Intentional homicides, female (per 100,000 female)",VC.IHR.PSRC.FE.P5,,,,,,,,,,,,,,,,,,,,,,,,,,,,,,,,,,,,,,,,,,,,,,,,,,,,,,,,,,,,
Small states,SST,"Intentional homicides, female (per 100,000 female)",VC.IHR.PSRC.FE.P5,,,,,,,,,,,,,,,,,,,,,,,,,,,,,,,,,,,,,,,,,,,,,,,,,,,,,,,,,,,,
Sao Tome and Principe,STP,"Intentional homicides, female (per 100,000 female)",VC.IHR.PSRC.FE.P5,,,,,,,,,,,,,,,,,,,,,,,,,,,,,,,,,,,,,,,,,,,,,,,,,,,,,,,,,,,,
Suriname,SUR,"Intentional homicides, female (per 100,000 female)",VC.IHR.PSRC.FE.P5,,,,,,,,,,,,,,,,,,,,,,,,,,,,,,,,,,,,,,,,,,,,,,,,5.8,3.9,,,,,1.1,2.2,4,5.8,,,
Slovak Republic,SVK,"Intentional homicides, female (per 100,000 female)",VC.IHR.PSRC.FE.P5,,,,,,,,,,,,,,,,,,,,,,,,,,,,,,,,,,,,,,,,,1.2,1.2,1.8,1.7,1.3,1.2,0.5,1,0.9,1.2,1.1,1.1,0.6,0.8,1.2,0.5,0.7,0.8,,
Slovenia,SVN,"Intentional homicides, female (per 100,000 female)",VC.IHR.PSRC.FE.P5,,,,,,,,,,,,,,,,,,,,,,,,,,,,,,,,,,,,,,,,,,,,,0.7,1,0.3,0.8,0.5,0.7,0.8,0.7,0.6,0.3,0.6,1.1,0.2,0.9,,
Sweden,SWE,"Intentional homicides, female (per 100,000 female)",VC.IHR.PSRC.FE.P5,,,,,,,,,,,,,,,,,,,,,,,,,,,,,,,,,,,,,,,,0.6,0.8,0.7,0.8,0.6,0.9,0.7,0.8,0.7,0.6,0.8,0.6,0.5,0.4,0.5,0.5,0.6,0.6,0.5,,
Eswatini,SWZ,"Intentional homicides, female (per 100,000 female)",VC.IHR.PSRC.FE.P5,,,,,,,,,,,,,,,,,,,,,,,,,,,,,,,,,,,,,,,,,,,,,,,,,,,,,,,,,,,,
Sint Maarten (Dutch part),SXM,"Intentional homicides, female (per 100,000 female)",VC.IHR.PSRC.FE.P5,,,,,,,,,,,,,,,,,,,,,,,,,,,,,,,,,,,,,,,,,,,,,,,,,,,,,,,,,,,,
Seychelles,SYC,"Intentional homicides, female (per 100,000 female)",VC.IHR.PSRC.FE.P5,,,,,,,,,,,,,,,,,,,,,,,,,,,,,,,,,,,,,,,,,,,,,4.1,,5.8,3.3,2.7,6.3,2.9,11.3,1,14.2,5.3,,,,,
Syrian Arab Republic,SYR,"Intentional homicides, female (per 100,000 female)",VC.IHR.PSRC.FE.P5,,,,,,,,,,,,,,,,,,,,,,,,,,,,,,,,,,,,,,,,,,,,,,,,,,,,,,,,,,,,
Turks and Caicos Islands,TCA,"Intentional homicides, female (per 100,000 female)",VC.IHR.PSRC.FE.P5,,,,,,,,,,,,,,,,,,,,,,,,,,,,,,,,,,,,,,,,,,,,,,,,,,,,,,,,,,,,
Chad,TCD,"Intentional homicides, female (per 100,000 female)",VC.IHR.PSRC.FE.P5,,,,,,,,,,,,,,,,,,,,,,,,,,,,,,,,,,,,,,,,,,,,,,,,,,,,,,,,,,,,
East Asia & Pacific (IDA & IBRD countries),TEA,"Intentional homicides, female (per 100,000 female)",VC.IHR.PSRC.FE.P5,,,,,,,,,,,,,,,,,,,,,,,,,,,,,,,,,,,,,,,,,,,,,,,,,,,,,,,,,,,,
Europe & Central Asia (IDA & IBRD countries),TEC,"Intentional homicides, female (per 100,000 female)",VC.IHR.PSRC.FE.P5,,,,,,,,,,,,,,,,,,,,,,,,,,,,,,,,,,,,,,,,,,,,,,,,,,,,,,,,,,,,
Togo,TGO,"Intentional homicides, female (per 100,000 female)",VC.IHR.PSRC.FE.P5,,,,,,,,,,,,,,,,,,,,,,,,,,,,,,,,,,,,,,,,,,,,,,,,,,,,,,,,,,,,
Thailand,THA,"Intentional homicides, female (per 100,000 female)",VC.IHR.PSRC.FE.P5,,,,,,,,,,,,,,,,,,,,,,,,,,,,,,,,,,,,2.4,2.4,2.5,2.6,2.6,2.8,,2.1,2.9,1.5,1.9,1.7,1.8,1.6,1.4,1.3,1.3,1.4,1.1,1.2,,,,,
Tajikistan,TJK,"Intentional homicides, female (per 100,000 female)",VC.IHR.PSRC.FE.P5,,,,,,,,,,,,,,,,,,,,,,,,,,,,,,,,,,,,,,,,,,,,,,,1.2,0.9,1,0.7,0.6,0.4,,,,,,,,
Turkmenistan,TKM,"Intentional homicides, female (per 100,000 female)",VC.IHR.PSRC.FE.P5,,,,,,,,,,,,,,,,,,,,,,,,,,,,,,,,,,,,,,,,,,,,,,,,,,,,,,,,,,,,
Latin America & the Caribbean (IDA & IBRD countries),TLA,"Intentional homicides, female (per 100,000 female)",VC.IHR.PSRC.FE.P5,,,,,,,,,,,,,,,,,,,,,,,,,,,,,,,,,,,,,,,,,,,,,,,,,,,,,,,,,,,,
Timor-Leste,TLS,"Intentional homicides, female (per 100,000 female)",VC.IHR.PSRC.FE.P5,,,,,,,,,,,,,,,,,,,,,,,,,,,,,,,,,,,,,,,,,,,,,,,,,,,,,,,,,,,,
Middle East & North Africa (IDA & IBRD countries),TMN,"Intentional homicides, female (per 100,000 female)",VC.IHR.PSRC.FE.P5,,,,,,,,,,,,,,,,,,,,,,,,,,,,,,,,,,,,,,,,,,,,,,,,,,,,,,,,,,,,
Tonga,TON,"Intentional homicides, female (per 100,000 female)",VC.IHR.PSRC.FE.P5,,,,,,,,,,,,,,,,,,,,,,,,,,,,,,,,,,,,,,,,,0,2.1,2,0,0,0,0,0,1.9,5.8,0,0,1.9,,,,,,,
South Asia (IDA & IBRD),TSA,"Intentional homicides, female (per 100,000 female)",VC.IHR.PSRC.FE.P5,,,,,,,,,,,,,,,,,,,,,,,,,,,,,,,,,,,,,,,,,,,,,,,,,,,,,,,,,,,,
Sub-Saharan Africa (IDA & IBRD countries),TSS,"Intentional homicides, female (per 100,000 female)",VC.IHR.PSRC.FE.P5,,,,,,,,,,,,,,,,,,,,,,,,,,,,,,,,,,,,,,,,,,,,,,,,,,,,,,,,,,,,
Trinidad and Tobago,TTO,"Intentional homicides, female (per 100,000 female)",VC.IHR.PSRC.FE.P5,,,,,,,,,,,,,,,,,,,,,,,,,,,,,,,,,,,,,,,,,,,,,4,6,5.2,4.5,8.6,6,7.9,4.4,6.6,5.7,6.6,4.2,,,,
Tunisia,TUN,"Intentional homicides, female (per 100,000 female)",VC.IHR.PSRC.FE.P5,,,,,,,,,,,,,,,,,,,,,,,,,,,,,,,,,,,,,,,,,,,,,,,,,,,,,,,,,,,,
Turkey,TUR,"Intentional homicides, female (per 100,000 female)",VC.IHR.PSRC.FE.P5,,,,,,,,,,,,,,,,,,,,,,,,,,,,,,,,,,,,,,,,,,,,1.8,1.8,1.8,1.6,1.7,1.6,2.8,1.7,1.7,1.6,,,,,,,
Tuvalu,TUV,"Intentional homicides, female (per 100,000 female)",VC.IHR.PSRC.FE.P5,,,,,,,,,,,,,,,,,,,,,,,,,,,,,,,,,,,,,,,,,,,,,,,,,,,,,,,,,,,,
Tanzania,TZA,"Intentional homicides, female (per 100,000 female)",VC.IHR.PSRC.FE.P5,,,,,,,,,,,,,,,,,,,,,,,,,,,,,,,,,,,,,,,,,,,,,,,,,,,2.4,2.3,2.1,1.9,3.3,2.5,,,,
Uganda,UGA,"Intentional homicides, female (per 100,000 female)",VC.IHR.PSRC.FE.P5,,,,,,,,,,,,,,,,,,,,,,,,,,,,,,,,,,,,,,,,,,,,,,,,,2.4,,3.5,4.2,4.1,4.2,4.3,,4.4,3.9,,
Ukraine,UKR,"Intentional homicides, female (per 100,000 female)",VC.IHR.PSRC.FE.P5,,,,,,,,,,,,,,,,,,,,,,,,,,,,,,,2.8,2.8,3.3,3.7,4.1,4.2,5,4.4,4.5,4.7,5,5.7,5.1,5,4.4,3.8,3.6,,3,2.8,2.4,,,,,,,1.9,,
Upper middle income,UMC,"Intentional homicides, female (per 100,000 female)",VC.IHR.PSRC.FE.P5,,,,,,,,,,,,,,,,,,,,,,,,,,,,,,,,,,,,,,,,,,,,,,,,,,,,,,,,,,,,
Uruguay,URY,"Intentional homicides, female (per 100,000 female)",VC.IHR.PSRC.FE.P5,,,,,,,,,,,,,,,,,,,,,,,,,,,,,,,,,,,,,,,,,,,,,,,2.5,1.9,2.5,2.6,2.3,2.3,2.2,3.1,2.9,2.8,2.4,3.1,,
United States,USA,"Intentional homicides, female (per 100,000 female)",VC.IHR.PSRC.FE.P5,,,,,,,,,,,,,,,,,,,,,,,,,,,,,,,4,4.2,4,4.2,3.7,3.7,3.3,3,3,2.7,2.6,3.1,2.6,2.5,2.4,2.4,2.4,2.4,2.3,2.3,2.1,2.1,2.1,2,2,2.1,2.3,2.3,,
Uzbekistan,UZB,"Intentional homicides, female (per 100,000 female)",VC.IHR.PSRC.FE.P5,,,,,,,,,,,,,,,,,,,,,,,,,,,,,,,,,,,,,,,,,,,,,,,,,,,,,,,,,,,,
St. Vincent and the Grenadines,VCT,"Intentional homicides, female (per 100,000 female)",VC.IHR.PSRC.FE.P5,,,,,,,,,,,,,,,,,,,,,,,,,,,,,,,,,,,,,,,,,,,,,11.6,13,11.4,16.5,5.6,6.4,5.5,,,,,,7.4,,,
"Venezuela, RB",VEN,"Intentional homicides, female (per 100,000 female)",VC.IHR.PSRC.FE.P5,,,,,,,,,,,,,,,,,,,,,,,,,,,,,,,1.9,,2.2,2.9,3,,3.2,3.1,3.2,3.5,4.3,3.9,6.7,5.3,4.6,4.2,4.9,4.9,5.2,5.3,5.4,5.5,6.3,,,,,,,
British Virgin Islands,VGB,"Intentional homicides, female (per 100,000 female)",VC.IHR.PSRC.FE.P5,,,,,,,,,,,,,,,,,,,,,,,,,,,,,,,,,,,,,,,,,,,,,,,,,,,,,,,,,,,,
Virgin Islands (U.S.),VIR,"Intentional homicides, female (per 100,000 female)",VC.IHR.PSRC.FE.P5,,,,,,,,,,,,,,,,,,,,,,,,,,,,,,,,,,,,,,10.7,3.6,7.1,5.3,3.6,8.9,5.4,1.8,5.4,7.2,5.4,3.6,3.6,12.6,5.4,3.6,,,,,,,
Vietnam,VNM,"Intentional homicides, female (per 100,000 female)",VC.IHR.PSRC.FE.P5,,,,,,,,,,,,,,,,,,,,,,,,,,,,,,,,,,,,,,,,,,,,,,,,,,,,,,,,,,,,
Vanuatu,VUT,"Intentional homicides, female (per 100,000 female)",VC.IHR.PSRC.FE.P5,,,,,,,,,,,,,,,,,,,,,,,,,,,,,,,,,,,,,,,,,,,,,,,,,,,,,,,,,,,,
World,WLD,"Intentional homicides, female (per 100,000 female)",VC.IHR.PSRC.FE.P5,,,,,,,,,,,,,,,,,,,,,,,,,,,,,,,,,,,,,,,,,,,,,,,,,,,,,,,,,,,,
Samoa,WSM,"Intentional homicides, female (per 100,000 female)",VC.IHR.PSRC.FE.P5,,,,,,,,,,,,,,,,,,,,,,,,,,,,,,,,,,,,,,,,,,,,,,,,,,,,,,,,,,,,
Kosovo,XKX,"Intentional homicides, female (per 100,000 female)",VC.IHR.PSRC.FE.P5,,,,,,,,,,,,,,,,,,,,,,,,,,,,,,,,,,,,,,,,,,,,,,,,,3,1.3,2.3,1,1.2,0.4,1.3,1.1,0.9,,,
"Yemen, Rep.",YEM,"Intentional homicides, female (per 100,000 female)",VC.IHR.PSRC.FE.P5,,,,,,,,,,,,,,,,,,,,,,,,,,,,,,,,,,,,,,,,,,,,,,,,,,,,,,,,,,,,
South Africa,ZAF,"Intentional homicides, female (per 100,000 female)",VC.IHR.PSRC.FE.P5,,,,,,,,,,,,,,,,,,,,,,,,,,,,,,,,,,,,,,,,,,,,,,,10.8,10.5,9.9,10,10.5,9.1,,,,,,,,
Zambia,ZMB,"Intentional homicides, female (per 100,000 female)",VC.IHR.PSRC.FE.P5,,,,,,,,,,,,,,,,,,,,,,,,,,,,,,,,,,,,,,,,,,,,,,,,,,,,,,,,,,,,
Zimbabwe,ZWE,"Intentional homicides, female (per 100,000 female)",VC.IHR.PSRC.FE.P5,,,,,,,,,,,,,,,,,,,,,,,,,,,,,,,3.6,,,,,,,,,,,,,,,,,,,,,,,,,,,,,