Country_Name,Country_Code,Indicator_Name,Indicator_Code,1960,1961,1962,1963,1964,1965,1966,1967,1968,1969,1970,1971,1972,1973,1974,1975,1976,1977,1978,1979,1980,1981,1982,1983,1984,1985,1986,1987,1988,1989,1990,1991,1992,1993,1994,1995,1996,1997,1998,1999,2000,2001,2002,2003,2004,2005,2006,2007,2008,2009,2010,2011,2012,2013,2014,2015,2016,2017,2018,2019
Aruba,ABW,"Intentional homicides, male (per 100,000 male)",VC.IHR.PSRC.MA.P5,,,,,,,,,,,,,,,,,,,,,,,,,,,,,,,,,,,,15.1,,,,2.3,,4.5,8.8,6.5,4.3,10.5,8.3,6.2,8.3,6.2,8.3,4.1,6.1,10.2,4.1,,,,,
Afghanistan,AFG,"Intentional homicides, male (per 100,000 male)",VC.IHR.PSRC.MA.P5,,,,,,,,,,,,,,,,,,,,,,,,,,,,,,,,,,,,,,,,,,,,,,,,,,,,,,,,,,,,
Angola,AGO,"Intentional homicides, male (per 100,000 male)",VC.IHR.PSRC.MA.P5,,,,,,,,,,,,,,,,,,,,,,,,,,,,,,,,,,,,,,,,,,,,,,,,,,,,,,,,,,,,
Albania,ALB,"Intentional homicides, male (per 100,000 male)",VC.IHR.PSRC.MA.P5,,,,,,,,,,,,,,,,,,,,,,,,,,,,,,,,,7.1,11,6.4,15.2,16,75.5,37,29.8,7.5,11.5,11.2,9.2,7.2,8.6,4.7,5.3,4.9,5.3,7.3,8.1,8.9,6.8,7.1,4.5,5.5,3.8,,
Andorra,AND,"Intentional homicides, male (per 100,000 male)",VC.IHR.PSRC.MA.P5,,,,,,,,,,,,,,,,,,,,,,,,,,,,,,,,,,,,,,,,,,,,,,,,,0,,,2.3,,,,,,,,
Arab World,ARB,"Intentional homicides, male (per 100,000 male)",VC.IHR.PSRC.MA.P5,,,,,,,,,,,,,,,,,,,,,,,,,,,,,,,,,,,,,,,,,,,,,,,,,,,,,,,,,,,,
United Arab Emirates,ARE,"Intentional homicides, male (per 100,000 male)",VC.IHR.PSRC.MA.P5,,,,,,,,,,,,,,,,,,,,,,,,,,,,,,,,,,,,,,,,,,,,,,,,,,,0.8,0.6,0.8,0.6,0.7,0.7,,,,
Argentina,ARG,"Intentional homicides, male (per 100,000 male)",VC.IHR.PSRC.MA.P5,,,,,,,,,,,,,,,,,,,,,,,,,,,,,,,,,,,,,,,,,,,,,,,,,,,,,,,13.3,11.5,,8.7,,
Armenia,ARM,"Intentional homicides, male (per 100,000 male)",VC.IHR.PSRC.MA.P5,,,,,,,,,,,,,,,,,,,,,,,,,,,,,,,9.1,9.2,,13.3,8.5,6.4,6.1,5.3,5.3,4.9,4.5,4.9,3.5,4.6,4.3,3.4,3.8,4.6,5.2,5.3,3.4,3.9,3.4,3.2,3.8,3.9,5.2,4.3,,
American Samoa,ASM,"Intentional homicides, male (per 100,000 male)",VC.IHR.PSRC.MA.P5,,,,,,,,,,,,,,,,,,,,,,,,,,,,,,,,,,,,,,,,,,,,,,,,,,,,,,,,,,,,
Antigua and Barbuda,ATG,"Intentional homicides, male (per 100,000 male)",VC.IHR.PSRC.MA.P5,,,,,,,,,,,,,,,,,,,,,,,,,,,,,,,0,3.1,3,11.7,11.5,14,5.5,2.7,,,,15.5,9.2,,,,,,24.8,,,,,,,,,,,
Australia,AUS,"Intentional homicides, male (per 100,000 male)",VC.IHR.PSRC.MA.P5,,,,,,,,,,,,,,,,,,,,,,,,,,,,,,,2.8,2.3,2.1,2.4,2.3,2.4,2.7,2.6,2.4,2.8,2.4,2.4,2.5,2.1,1.7,1.6,1.8,1.6,1.5,1.7,1.2,1.4,1.4,1.3,1.3,1.3,1.2,1.2,,
Austria,AUT,"Intentional homicides, male (per 100,000 male)",VC.IHR.PSRC.MA.P5,,,,,,,,,,,,,,,,,,,,,,,,,,,,,,,1.3,1.5,1.4,1.2,0.9,1,1.3,0.7,1.1,0.7,0.7,0.7,0.7,0.7,0.7,0.7,0.8,0.5,0.7,0.6,0.7,1,1,0.8,0.5,0.7,0.6,,,
Azerbaijan,AZE,"Intentional homicides, male (per 100,000 male)",VC.IHR.PSRC.MA.P5,,,,,,,,,,,,,,,,,,,,,,,,,,,,,,,,,,,,,,,,,,,,,,,,,,,3.2,,3.1,3.2,3.2,3.2,2.5,2.5,,
Burundi,BDI,"Intentional homicides, male (per 100,000 male)",VC.IHR.PSRC.MA.P5,,,,,,,,,,,,,,,,,,,,,,,,,,,,,,,,,,,,,,,,,,,,,,,,,,,,,,9,9.5,7.6,9.9,,,
Belgium,BEL,"Intentional homicides, male (per 100,000 male)",VC.IHR.PSRC.MA.P5,,,,,,,,,,,,,,,,,,,,,,,,,,,,,,,,,,,,,,,,,2.6,3.5,3.7,2.7,2.8,2.5,2.6,2.4,2.5,2.1,2.2,2.2,2.3,1.9,2.3,,,,,
Benin,BEN,"Intentional homicides, male (per 100,000 male)",VC.IHR.PSRC.MA.P5,,,,,,,,,,,,,,,,,,,,,,,,,,,,,,,,,,,,,,,,,,,,,,,,,,,,,,,,,,,,
Burkina Faso,BFA,"Intentional homicides, male (per 100,000 male)",VC.IHR.PSRC.MA.P5,,,,,,,,,,,,,,,,,,,,,,,,,,,,,,,,,,,,,,,,,,,,,,,,,,,,,,,,,,,,
Bangladesh,BGD,"Intentional homicides, male (per 100,000 male)",VC.IHR.PSRC.MA.P5,,,,,,,,,,,,,,,,,,,,,,,,,,,,,,,,,,,,,,,,,,,,,,,,,,,,,,,,,,,,
Bulgaria,BGR,"Intentional homicides, male (per 100,000 male)",VC.IHR.PSRC.MA.P5,,,,,,,,,,,,,,,,,,,,,,,,,,,,,,,4,6.5,8.5,9.5,9.5,10.1,8.8,7.6,7.1,6.1,6,6.4,5.2,5.1,5,3.9,3.6,3.8,3.7,3.2,3.4,2.7,2.9,2.1,2.4,2.8,1.6,2,,
Bahrain,BHR,"Intentional homicides, male (per 100,000 male)",VC.IHR.PSRC.MA.P5,,,,,,,,,,,,,,,,,,,,,,,,,,,,,,,,,,,,,,,,,,,,,,,,,,,,,,,,,,,,
"Bahamas, The",BHS,"Intentional homicides, male (per 100,000 male)",VC.IHR.PSRC.MA.P5,,,,,,,,,,,,,,,,,,,,,,,,,,,,,,,,,,21.6,34,24.1,31.1,27.8,,,39.7,25.6,26.4,28.6,26.7,27.4,34.1,41.9,38.7,44.4,45.4,61.9,55.5,,60.4,68.7,54.4,59.8,,
Bosnia and Herzegovina,BIH,"Intentional homicides, male (per 100,000 male)",VC.IHR.PSRC.MA.P5,,,,,,,,,,,,,,,,,,,,,,,,,,,,,,,2.6,,,,,,,,,,4.3,2.9,3.5,,,,,,,3,2.5,1.9,2.2,1.8,2.2,2.2,1.7,1.9,,
Belarus,BLR,"Intentional homicides, male (per 100,000 male)",VC.IHR.PSRC.MA.P5,,,,,,,,,,,,,,,,,,,,,,,,,,,,,,,,,,,,,,,,,,,,,,,,9.6,8.2,6.6,6,5.8,4.9,5.2,5.1,,,,,
Belize,BLZ,"Intentional homicides, male (per 100,000 male)",VC.IHR.PSRC.MA.P5,,,,,,,,,,,,,,,,,,,,,,,,,,,,,,,,,,,,,,,,,,,,,46.8,,,,,56,70.2,68.1,77.9,51.8,63.3,61.4,67.2,70.1,,
Bermuda,BMU,"Intentional homicides, male (per 100,000 male)",VC.IHR.PSRC.MA.P5,,,,,,,,,,,,,,,,,,,,,,,,,,,,,,,3.4,10.3,0,,,,10,,,,,,,,0,6.5,,,,16.3,23,19.8,20,16.7,10.1,13.6,27.2,,,
Bolivia,BOL,"Intentional homicides, male (per 100,000 male)",VC.IHR.PSRC.MA.P5,,,,,,,,,,,,,,,,,,,,,,,,,,,,,,,,,,,,,,,,,,,,,,,,,14.4,,,,,,,8,8.3,,,
Brazil,BRA,"Intentional homicides, male (per 100,000 male)",VC.IHR.PSRC.MA.P5,,,,,,,,,,,,,,,,,,,,,,,,,,,,,,,36.4,34,31,32.9,34.5,38.5,39.6,40.9,41.9,42.3,44.1,46.1,47.2,48,44.8,43.5,44.4,43.6,44.4,42.5,40.8,44.9,49.2,49.8,53.5,53.1,56.2,57.7,,
Barbados,BRB,"Intentional homicides, male (per 100,000 male)",VC.IHR.PSRC.MA.P5,,,,,,,,,,,,,,,,,,,,,,,,,,,,,,,18.4,9.5,14.3,12.6,11,9.4,,,,,11.6,15.8,13.4,16.8,16.1,15.1,25.4,14.3,14.3,12,17.1,18.6,14.8,12.6,16.2,20.6,14.7,20.4,,
Brunei Darussalam,BRN,"Intentional homicides, male (per 100,000 male)",VC.IHR.PSRC.MA.P5,,,,,,,,,,,,,,,,,,,,,,,,,,,,,,,,,,,,,3.8,3.7,2.4,1.2,1.2,,,,,,,,,,,,,,,,,,,
Bhutan,BTN,"Intentional homicides, male (per 100,000 male)",VC.IHR.PSRC.MA.P5,,,,,,,,,,,,,,,,,,,,,,,,,,,,,,,,,,,,,,,,,,,,,,,,,,,,,,,,2.4,1.2,2.1,,
Botswana,BWA,"Intentional homicides, male (per 100,000 male)",VC.IHR.PSRC.MA.P5,,,,,,,,,,,,,,,,,,,,,,,,,,,,,,,,,,,,,,,,,,,,,,,,,,,,,,,,,,,,
Central African Republic,CAF,"Intentional homicides, male (per 100,000 male)",VC.IHR.PSRC.MA.P5,,,,,,,,,,,,,,,,,,,,,,,,,,,,,,,,,,,,,,,,,,,,,,,,,,,,,,,,,29.4,,,
Canada,CAN,"Intentional homicides, male (per 100,000 male)",VC.IHR.PSRC.MA.P5,,,,,,,,,,,,,,,,,,,,,,,,,,,,,,,3.1,3.4,3.5,3,2.7,2.7,2.9,2.6,2.5,2.5,2.6,2.5,2.4,2.5,2.7,3,2.8,2.6,2.8,2.7,2.4,2.5,2.3,2,2.1,2.4,2.6,2.7,,
Central Europe and the Baltics,CEB,"Intentional homicides, male (per 100,000 male)",VC.IHR.PSRC.MA.P5,,,,,,,,,,,,,,,,,,,,,,,,,,,,,,,,,,,,,,,,,,,,,,,,,,,,,,,,,,,,
Switzerland,CHE,"Intentional homicides, male (per 100,000 male)",VC.IHR.PSRC.MA.P5,,,,,,,,,,,,,,,,,,,,,,,,,,,,,,,1.8,1.7,1.5,1.8,1.2,1.2,1.5,1.4,1.3,1.5,0.9,1.4,1,0.9,1.1,1,0.6,0.7,0.8,0.6,0.7,0.6,0.7,0.6,0.4,0.7,0.5,0.6,,
Channel Islands,CHI,"Intentional homicides, male (per 100,000 male)",VC.IHR.PSRC.MA.P5,,,,,,,,,,,,,,,,,,,,,,,,,,,,,,,,,,,,,,,,,,,,,,,,,,,,,,,,,,,,
Chile,CHL,"Intentional homicides, male (per 100,000 male)",VC.IHR.PSRC.MA.P5,,,,,,,,,,,,,,,,,,,,,,,,,,,,,,,,,,,,,,,,,,,,,,6.2,6.2,6.2,5.9,6.4,5.3,6.1,4.6,5.2,,6.1,5.9,7.5,,
China,CHN,"Intentional homicides, male (per 100,000 male)",VC.IHR.PSRC.MA.P5,,,,,,,,,,,,,,,,,,,,,,,,,,,,,,,,,,,,,,,,,,,,,,,,,,,,,,,,,,,,
Cote d'Ivoire,CIV,"Intentional homicides, male (per 100,000 male)",VC.IHR.PSRC.MA.P5,,,,,,,,,,,,,,,,,,,,,,,,,,,,,,,,,,,,,,,,,,,,,,,,,,,,,,,,,,,,
Cameroon,CMR,"Intentional homicides, male (per 100,000 male)",VC.IHR.PSRC.MA.P5,,,,,,,,,,,,,,,,,,,,,,,,,,,,,,,,,,,,,,,,,,,,,,,,,,,,,,,1.1,1.3,1.4,,,
"Congo, Dem. Rep.",COD,"Intentional homicides, male (per 100,000 male)",VC.IHR.PSRC.MA.P5,,,,,,,,,,,,,,,,,,,,,,,,,,,,,,,,,,,,,,,,,,,,,,,,,,,,,,,,,,,,
"Congo, Rep.",COG,"Intentional homicides, male (per 100,000 male)",VC.IHR.PSRC.MA.P5,,,,,,,,,,,,,,,,,,,,,,,,,,,,,,,,,,,,,,,,,,,,,,,,,,,,,,,,,,,,
Colombia,COL,"Intentional homicides, male (per 100,000 male)",VC.IHR.PSRC.MA.P5,,,,,,,,,,,,,,,,,,,,,,,,,,,,,,,132.2,152.3,147.7,146.7,137.4,111.4,114.7,112.2,110,114.5,123.2,126.5,127.2,103.3,88,77.7,74.7,72.2,67.2,65,62.9,64.6,65.2,60.9,51.7,49.3,47.5,46.2,,
Comoros,COM,"Intentional homicides, male (per 100,000 male)",VC.IHR.PSRC.MA.P5,,,,,,,,,,,,,,,,,,,,,,,,,,,,,,,,,,,,,,,,,,,,,,,,,,,,,,,,,,,,
Cabo Verde,CPV,"Intentional homicides, male (per 100,000 male)",VC.IHR.PSRC.MA.P5,,,,,,,,,,,,,,,,,,,,,,,,,,,,,,,,,,,,,,,,,,,,,,,,,,,,18.1,17.9,18.1,19.1,14.7,,,,
Costa Rica,CRI,"Intentional homicides, male (per 100,000 male)",VC.IHR.PSRC.MA.P5,,,,,,,,,,,,,,,,,,,,,,,,,,,,,,,7.1,6.7,8.2,8.4,9.1,8.9,9.4,10.3,10.4,11,10.6,11.4,11,12.7,11.5,12.9,14.2,15.2,20.4,20.7,20.5,17.8,15.3,15.9,17.9,21.4,21.1,22.2,,
Caribbean small states,CSS,"Intentional homicides, male (per 100,000 male)",VC.IHR.PSRC.MA.P5,,,,,,,,,,,,,,,,,,,,,,,,,,,,,,,,,,,,,,,,,,,,,,,,,,,,,,,,,,,,
Cuba,CUB,"Intentional homicides, male (per 100,000 male)",VC.IHR.PSRC.MA.P5,,,,,,,,,,,,,,,,,,,,,,,,,,,,,,,,,9.2,11.4,12.6,11.7,10.3,10.5,11.4,8.1,7.7,7.9,8.5,8.7,9.1,9.1,7.8,7.6,7,7.3,6.7,7.1,8.5,9.2,7.8,8.4,7.9,,,
Curacao,CUW,"Intentional homicides, male (per 100,000 male)",VC.IHR.PSRC.MA.P5,,,,,,,,,,,,,,,,,,,,,,,,,,,,,,,,,,,,,,,,,,13.1,54.6,68.2,56.5,33,24.4,36.5,,,,,,,,,,,,
Cayman Islands,CYM,"Intentional homicides, male (per 100,000 male)",VC.IHR.PSRC.MA.P5,,,,,,,,,,,,,,,,,,,,,,,,,,,,,,,,,,,,,,,,,,,,,,,,,,,,,,,,,,,,
Cyprus,CYP,"Intentional homicides, male (per 100,000 male)",VC.IHR.PSRC.MA.P5,,,,,,,,,,,,,,,,,,,,,,,,,,,,,,,,,,,,,,,,,,,,,2.3,3.5,2.1,1.9,1.3,2.2,1.3,0.5,3,1.6,1,2.2,1.4,1.2,,
Czech Republic,CZE,"Intentional homicides, male (per 100,000 male)",VC.IHR.PSRC.MA.P5,,,,,,,,,,,,,,,,,,,,,,,,,,,,,,,,,,,2.5,2.3,2.3,2.5,2.5,2.2,2.8,1.8,1.6,2.1,1.7,1.3,1.5,1.4,1.4,1.1,1,0.8,1.1,0.7,0.7,0.7,0.6,0.7,,
Germany,DEU,"Intentional homicides, male (per 100,000 male)",VC.IHR.PSRC.MA.P5,,,,,,,,,,,,,,,,,,,,,,,,,,,,,,,,,,,,,,,,,1.4,1.3,1.3,1.2,1.2,1.2,1.1,1,1,1.1,1,1,0.9,0.9,0.9,0.9,1.2,1.1,,
Djibouti,DJI,"Intentional homicides, male (per 100,000 male)",VC.IHR.PSRC.MA.P5,,,,,,,,,,,,,,,,,,,,,,,,,,,,,,,,,,,,,,,,,,,,,,,,,,,,,,,,,,,,
Dominica,DMA,"Intentional homicides, male (per 100,000 male)",VC.IHR.PSRC.MA.P5,,,,,,,,,,,,,,,,,,,,,,,,,,,,,,,,,,,,,,,,,,,,,,,,,,,,,,,,,,,,
Denmark,DNK,"Intentional homicides, male (per 100,000 male)",VC.IHR.PSRC.MA.P5,,,,,,,,,,,,,,,,,,,,,,,,,,,,,,,0.6,1,1.2,1.8,1.9,1.5,1.6,1.8,1.1,0.9,1,1.2,1.2,1.4,1,1.3,0.7,0.8,1.4,1.2,0.7,1.1,1.1,1.2,1.5,1.3,1.2,1.8,,
Dominican Republic,DOM,"Intentional homicides, male (per 100,000 male)",VC.IHR.PSRC.MA.P5,,,,,,,,,,,,,,,,,,,,,,,,,,,,,,,,,,,,,,,,,,,,,,47.2,41.9,40.8,45.8,45,45.8,45.6,40.8,,31.3,,27.3,19.1,,
Algeria,DZA,"Intentional homicides, male (per 100,000 male)",VC.IHR.PSRC.MA.P5,,,,,,,,,,,,,,,,,,,,,,,,,,,,,,,,,,,,,,,,,,,,,,,,,,,,,,,2.5,2.3,,,,
East Asia & Pacific (excluding high income),EAP,"Intentional homicides, male (per 100,000 male)",VC.IHR.PSRC.MA.P5,,,,,,,,,,,,,,,,,,,,,,,,,,,,,,,,,,,,,,,,,,,,,,,,,,,,,,,,,,,,
Early-demographic dividend,EAR,"Intentional homicides, male (per 100,000 male)",VC.IHR.PSRC.MA.P5,,,,,,,,,,,,,,,,,,,,,,,,,,,,,,,,,,,,,,,,,,,,,,,,,,,,,,,,,,,,
East Asia & Pacific,EAS,"Intentional homicides, male (per 100,000 male)",VC.IHR.PSRC.MA.P5,,,,,,,,,,,,,,,,,,,,,,,,,,,,,,,,,,,,,,,,,,,,,,,,,,,,,,,,,,,,
Europe & Central Asia (excluding high income),ECA,"Intentional homicides, male (per 100,000 male)",VC.IHR.PSRC.MA.P5,,,,,,,,,,,,,,,,,,,,,,,,,,,,,,,,,,,,,,,,,,,,,,,,,,,,,,,,,,,,
Europe & Central Asia,ECS,"Intentional homicides, male (per 100,000 male)",VC.IHR.PSRC.MA.P5,,,,,,,,,,,,,,,,,,,,,,,,,,,,,,,,,,,,,,,,,,,,,,,,,,,,,,,,,,,,
Ecuador,ECU,"Intentional homicides, male (per 100,000 male)",VC.IHR.PSRC.MA.P5,,,,,,,,,,,,,,,,,,,,,,,,,,,,,,,15.8,19.8,15.9,15.4,18.6,,,,,,26.7,23.4,26.3,26.4,32.1,28.4,30.9,28.7,33.1,31.9,31.9,27.6,21.9,18.8,14.1,10.9,9.5,9.3,,
"Egypt, Arab Rep.",EGY,"Intentional homicides, male (per 100,000 male)",VC.IHR.PSRC.MA.P5,,,,,,,,,,,,,,,,,,,,,,,,,,,,,,,,,,,,,,,,,,,,,0.7,1.2,1,1.3,2.1,1.7,3.9,5.5,4.4,,,,,,,
Euro area,EMU,"Intentional homicides, male (per 100,000 male)",VC.IHR.PSRC.MA.P5,,,,,,,,,,,,,,,,,,,,,,,,,,,,,,,,,,,,,,,,,,,,,,,,,,,,,,,,,,,,
Eritrea,ERI,"Intentional homicides, male (per 100,000 male)",VC.IHR.PSRC.MA.P5,,,,,,,,,,,,,,,,,,,,,,,,,,,,,,,,,,,,,,,,,,,,,,,,,,,,,,,,,,,,
Spain,ESP,"Intentional homicides, male (per 100,000 male)",VC.IHR.PSRC.MA.P5,,,,,,,,,,,,,,,,,,,,,,,,,,,,,,,,,,,,,,,,,,2.2,2.1,2,1.6,1.8,1.4,1.4,1.2,1.2,1.1,1.1,1,0.8,0.9,0.8,0.8,0.9,,
Estonia,EST,"Intentional homicides, male (per 100,000 male)",VC.IHR.PSRC.MA.P5,,,,,,,,,,,,,,,,,,,,,,,,,,,,,,,,,,,35.6,32.2,25.4,21.3,23.8,17.8,18,16.5,17,16.8,11.8,13.4,10.6,12.3,10.8,7.8,8.6,8.2,7.4,5.5,5.2,5.6,3.9,3.4,,
Ethiopia,ETH,"Intentional homicides, male (per 100,000 male)",VC.IHR.PSRC.MA.P5,,,,,,,,,,,,,,,,,,,,,,,,,,,,,,,,,,,,,,,,,,,,,,,,,,,,,,,,,,,,
European Union,EUU,"Intentional homicides, male (per 100,000 male)",VC.IHR.PSRC.MA.P5,,,,,,,,,,,,,,,,,,,,,,,,,,,,,,,,,,,,,,,,,,,,,,,,,,,,,,,,,,,,
Fragile and conflict affected situations,FCS,"Intentional homicides, male (per 100,000 male)",VC.IHR.PSRC.MA.P5,,,,,,,,,,,,,,,,,,,,,,,,,,,,,,,,,,,,,,,,,,,,,,,,,,,,,,,,,,,,
Finland,FIN,"Intentional homicides, male (per 100,000 male)",VC.IHR.PSRC.MA.P5,,,,,,,,,,,,,,,,,,,,,,,,,,,,,,,4.7,4.8,4.1,3.7,4,3.9,4.3,4.1,3.2,4.4,4,4.3,3.5,2.8,4.5,3.3,3.2,3.1,3.4,3.3,3.5,2.8,1.8,2.4,2.3,2.4,1.9,1.4,,
Fiji,FJI,"Intentional homicides, male (per 100,000 male)",VC.IHR.PSRC.MA.P5,,,,,,,,,,,,,,,,,,,,,,,,,,,,,,,,,,,,,,,,,,,,,,3.3,2.4,0.7,1.6,4.8,3.2,2.5,2.9,2.5,1.8,,,,,
France,FRA,"Intentional homicides, male (per 100,000 male)",VC.IHR.PSRC.MA.P5,,,,,,,,,,,,,,,,,,,,,,,,,,,,,,,,,,,,,,,,,,,,,,,,,,,,,,,,2,1.7,1.6,,
Faroe Islands,FRO,"Intentional homicides, male (per 100,000 male)",VC.IHR.PSRC.MA.P5,,,,,,,,,,,,,,,,,,,,,,,,,,,,,,,,,,,,,,,,,,,,,,,,,,,,,,,,,,,,
"Micronesia, Fed. Sts.",FSM,"Intentional homicides, male (per 100,000 male)",VC.IHR.PSRC.MA.P5,,,,,,,,,,,,,,,,,,,,,,,,,,,,,,,,,,,,,,,,,,,,,,,,,,,,,,,,,,,,
Gabon,GAB,"Intentional homicides, male (per 100,000 male)",VC.IHR.PSRC.MA.P5,,,,,,,,,,,,,,,,,,,,,,,,,,,,,,,,,,,,,,,,,,,,,,,,,,,,,,,,,,,,
United Kingdom,GBR,"Intentional homicides, male (per 100,000 male)",VC.IHR.PSRC.MA.P5,,,,,,,,,,,,,,,,,,,,,,,,,,,,,,,,,,,,,,,,,,,,,,1.8,1.8,1.7,1.5,1.6,1.5,1.4,1.2,1.2,1.2,1.4,1.5,1.8,,
Georgia,GEO,"Intentional homicides, male (per 100,000 male)",VC.IHR.PSRC.MA.P5,,,,,,,,,,,,,,,,,,,,,,,,,,,,,,,,,,,,,,,,,,,,,12.3,15.6,13.3,13.7,10.7,8.7,7.9,,,,3.9,,0.3,,,
Ghana,GHA,"Intentional homicides, male (per 100,000 male)",VC.IHR.PSRC.MA.P5,,,,,,,,,,,,,,,,,,,,,,,,,,,,,,,,,,,,,,,,,,,,,,,,,,,,,,,,,,,,
Gibraltar,GIB,"Intentional homicides, male (per 100,000 male)",VC.IHR.PSRC.MA.P5,,,,,,,,,,,,,,,,,,,,,,,,,,,,,,,,,,,,,,,,,,,,,,,,,,,,,,,,,,,,
Guinea,GIN,"Intentional homicides, male (per 100,000 male)",VC.IHR.PSRC.MA.P5,,,,,,,,,,,,,,,,,,,,,,,,,,,,,,,,,,,,,,,,,,,,,,,,,,,,,,,,,,,,
"Gambia, The",GMB,"Intentional homicides, male (per 100,000 male)",VC.IHR.PSRC.MA.P5,,,,,,,,,,,,,,,,,,,,,,,,,,,,,,,,,,,,,,,,,,,,,,,,,,,,,,,,,,,,
Guinea-Bissau,GNB,"Intentional homicides, male (per 100,000 male)",VC.IHR.PSRC.MA.P5,,,,,,,,,,,,,,,,,,,,,,,,,,,,,,,,,,,,,,,,,,,,,,,,,,,,,,,,,,,,
Equatorial Guinea,GNQ,"Intentional homicides, male (per 100,000 male)",VC.IHR.PSRC.MA.P5,,,,,,,,,,,,,,,,,,,,,,,,,,,,,,,,,,,,,,,,,,,,,,,,,,,,,,,,,,,,
Greece,GRC,"Intentional homicides, male (per 100,000 male)",VC.IHR.PSRC.MA.P5,,,,,,,,,,,,,,,,,,,,,,,,,,,,,,,1.4,1.9,2.1,2.1,1.9,2,2.1,3,2.4,2.1,,1.7,1.3,1.6,1.5,1.6,1.6,1.7,2,2.2,2.5,2.7,2.3,1.8,1.4,1.1,1.1,1.1,,
Grenada,GRD,"Intentional homicides, male (per 100,000 male)",VC.IHR.PSRC.MA.P5,,,,,,,,,,,,,,,,,,,,,,,,,,,,,,,,,,,,,,,,,,,,,,15.6,17.5,17.4,27,7.7,15.3,5.7,17,7.5,9.4,7.5,14.9,18.5,,
Greenland,GRL,"Intentional homicides, male (per 100,000 male)",VC.IHR.PSRC.MA.P5,,,,,,,,,,,,,,,,,,,,,,,,,,,,,,,,,,,,,,,,,,,,,,,,,,,,,,,,,,,,
Guatemala,GTM,"Intentional homicides, male (per 100,000 male)",VC.IHR.PSRC.MA.P5,,,,,,,,,,,,,,,,,,,,,,,,,,,,,,,,,,,,,,,,,,,,,63.9,75,80.4,77.2,81.5,82.2,73.3,68.7,61,60,55.8,,,,,
Guam,GUM,"Intentional homicides, male (per 100,000 male)",VC.IHR.PSRC.MA.P5,,,,,,,,,,,,,,,,,,,,,,,,,,,,,,,,,,,,,,,,,,,,,,,,,,,,,,,,,,,,
Guyana,GUY,"Intentional homicides, male (per 100,000 male)",VC.IHR.PSRC.MA.P5,,,,,,,,,,,,,,,,,,,,,,,,,,,,,,,,,,,,,,,,,,,,,,30.3,34.6,23.2,32.1,23.6,29.2,25.6,29.7,32.8,,31.3,33.9,23.9,,
High income,HIC,"Intentional homicides, male (per 100,000 male)",VC.IHR.PSRC.MA.P5,,,,,,,,,,,,,,,,,,,,,,,,,,,,,,,,,,,,,,,,,,,,,,,,,,,,,,,,,,,,
"Hong Kong SAR, China",HKG,"Intentional homicides, male (per 100,000 male)",VC.IHR.PSRC.MA.P5,,,,,,,,,,,,,,,,,,,,,,,,,,,,,,,,,,,,,,,,,,,,0.9,0.8,0.6,0.5,0.2,0.3,0.7,0.5,0.2,0.5,0.8,0.4,0.4,0.5,0.3,,
Honduras,HND,"Intentional homicides, male (per 100,000 male)",VC.IHR.PSRC.MA.P5,,,,,,,,,,,,,,,,,,,,,,,,,,,,,,,,,,,,,,,,,,,,,,,77.5,85,105.7,122.8,143.3,159.1,154.9,137.7,122.9,104.5,103.1,75.2,,
Heavily indebted poor countries (HIPC),HPC,"Intentional homicides, male (per 100,000 male)",VC.IHR.PSRC.MA.P5,,,,,,,,,,,,,,,,,,,,,,,,,,,,,,,,,,,,,,,,,,,,,,,,,,,,,,,,,,,,
Croatia,HRV,"Intentional homicides, male (per 100,000 male)",VC.IHR.PSRC.MA.P5,,,,,,,,,,,,,,,,,,,,,,,,,,,,,,,4,13.6,12.7,7.1,5,5.4,3.8,4,3.3,3.8,3.2,2.5,2,2.2,2.2,1.9,2,1.8,2.2,1.2,1.4,1.3,1.6,1.2,0.9,1.1,1.2,1.4,,
Haiti,HTI,"Intentional homicides, male (per 100,000 male)",VC.IHR.PSRC.MA.P5,,,,,,,,,,,,,,,,,,,,,,,,,,,,,,,,,,,,,,,,,,,,,,,,,,,,,,18.8,17.1,18.5,17.7,,,
Hungary,HUN,"Intentional homicides, male (per 100,000 male)",VC.IHR.PSRC.MA.P5,,,,,,,,,,,,,,,,,,,,,,,,,,,,,,,2.6,3.8,3.8,3.6,4.3,4,3.2,3.6,3.6,3,2.4,3.5,2.4,2.8,2.5,1.8,2.1,1.9,2.3,1.6,1.6,2.2,1.4,1.8,1.7,2.6,2.6,3.7,,
IBRD only,IBD,"Intentional homicides, male (per 100,000 male)",VC.IHR.PSRC.MA.P5,,,,,,,,,,,,,,,,,,,,,,,,,,,,,,,,,,,,,,,,,,,,,,,,,,,,,,,,,,,,
IDA & IBRD total,IBT,"Intentional homicides, male (per 100,000 male)",VC.IHR.PSRC.MA.P5,,,,,,,,,,,,,,,,,,,,,,,,,,,,,,,,,,,,,,,,,,,,,,,,,,,,,,,,,,,,
IDA total,IDA,"Intentional homicides, male (per 100,000 male)",VC.IHR.PSRC.MA.P5,,,,,,,,,,,,,,,,,,,,,,,,,,,,,,,,,,,,,,,,,,,,,,,,,,,,,,,,,,,,
IDA blend,IDB,"Intentional homicides, male (per 100,000 male)",VC.IHR.PSRC.MA.P5,,,,,,,,,,,,,,,,,,,,,,,,,,,,,,,,,,,,,,,,,,,,,,,,,,,,,,,,,,,,
Indonesia,IDN,"Intentional homicides, male (per 100,000 male)",VC.IHR.PSRC.MA.P5,,,,,,,,,,,,,,,,,,,,,,,,,,,,,,,,,,,,,,,,,,,,,,,,,,,,,,,,,,,,
IDA only,IDX,"Intentional homicides, male (per 100,000 male)",VC.IHR.PSRC.MA.P5,,,,,,,,,,,,,,,,,,,,,,,,,,,,,,,,,,,,,,,,,,,,,,,,,,,,,,,,,,,,
Isle of Man,IMN,"Intentional homicides, male (per 100,000 male)",VC.IHR.PSRC.MA.P5,,,,,,,,,,,,,,,,,,,,,,,,,,,,,,,,,,,,,,,,,,,,,,,,,,,,,,,,,,,,
India,IND,"Intentional homicides, male (per 100,000 male)",VC.IHR.PSRC.MA.P5,,,,,,,,,,,,,,,,,,,,,,,,,,,,,,,,,,,,,,,,6.2,6,5.7,5.5,5.2,5.2,5,4.9,4.7,4.7,4.4,4.5,4.5,4.4,4.2,4.3,4,3.6,,,
Not classified,INX,"Intentional homicides, male (per 100,000 male)",VC.IHR.PSRC.MA.P5,,,,,,,,,,,,,,,,,,,,,,,,,,,,,,,,,,,,,,,,,,,,,,,,,,,,,,,,,,,,
Ireland,IRL,"Intentional homicides, male (per 100,000 male)",VC.IHR.PSRC.MA.P5,,,,,,,,,,,,,,,,,,,,,,,,,,,,,,,0.8,0.9,1.1,0.9,1.1,2,1.3,1.4,1.7,1.7,1.5,2.3,2.1,1.4,1.2,2.1,2.1,3,1.8,1.9,2.1,1.7,1.7,1.9,,,,,,
"Iran, Islamic Rep.",IRN,"Intentional homicides, male (per 100,000 male)",VC.IHR.PSRC.MA.P5,,,,,,,,,,,,,,,,,,,,,,,,,,,,,,,,,,,,,,,,,,,,,,,,,,,,,,4.5,4.3,,,,,
Iraq,IRQ,"Intentional homicides, male (per 100,000 male)",VC.IHR.PSRC.MA.P5,,,,,,,,,,,,,,,,,,,,,,,,,,,,,,,,,,,,,,,,,,,,,,,,,27,10.6,14.2,13.4,13.2,16.3,,,,,,
Iceland,ISL,"Intentional homicides, male (per 100,000 male)",VC.IHR.PSRC.MA.P5,,,,,,,,,,,,,,,,,,,,,,,,,,,,,,,,,,,,,0.7,,,0.7,,,,,,2,,1.3,,0.6,1.2,1.2,0,0.6,0,1.8,0,0.6,,
Israel,ISR,"Intentional homicides, male (per 100,000 male)",VC.IHR.PSRC.MA.P5,,,,,,,,,,,,,,,,,,,,,,,,,,,,,,,,,,4.3,4.3,,,,,4,3.7,5.3,,4.5,4,3.5,4.1,2.9,3,2.9,3.1,3.1,2.9,,2.4,,,,,
Italy,ITA,"Intentional homicides, male (per 100,000 male)",VC.IHR.PSRC.MA.P5,,,,,,,,,,,,,,,,,,,,,,,,,,,,,,,5.7,6.1,4.5,3.1,2.9,2.9,2.7,2.5,2.5,2.3,2.1,1.9,1.6,1.8,,1.7,1.6,1.7,1.6,1.4,1.3,1.3,1.3,1.1,1.1,1.2,0.9,,,
Jamaica,JAM,"Intentional homicides, male (per 100,000 male)",VC.IHR.PSRC.MA.P5,,,,,,,,,,,,,,,,,,,,,,,,,,,,,,,,,,,,,,,,,,,,,,109.5,87,104.3,105.1,109.8,93.1,72.1,68.8,75.5,63.6,76.4,85.1,103.4,,
Jordan,JOR,"Intentional homicides, male (per 100,000 male)",VC.IHR.PSRC.MA.P5,,,,,,,,,,,,,,,,,,,,,,,,,,,,,,,,,,,,,,,,,,,,,,,,2.6,2.7,1.9,2.1,2.9,3.3,,,,2.1,2,,
Japan,JPN,"Intentional homicides, male (per 100,000 male)",VC.IHR.PSRC.MA.P5,,,,,,,,,,,,,,,,,,,,,,,,,,,,,,,0.6,0.6,0.6,0.6,0.7,0.6,0.6,0.6,0.7,0.6,0.6,0.6,0.6,0.6,0.6,0.5,0.5,0.5,0.5,0.4,0.4,0.3,0.3,0.3,0.3,0.2,0.3,0.2,,
Kazakhstan,KAZ,"Intentional homicides, male (per 100,000 male)",VC.IHR.PSRC.MA.P5,,,,,,,,,,,,,,,,,,,,,,,,,,,,,,,,,,,,,,,,,,,,,,,,,18.7,17.3,13.2,13.6,12.1,10.1,8.3,7,,7.9,,
Kenya,KEN,"Intentional homicides, male (per 100,000 male)",VC.IHR.PSRC.MA.P5,,,,,,,,,,,,,,,,,,,,,,,,,,,,,,,,,,,,,,,,,,,,,,,,,,,,,,,7.8,7,7.2,8.2,,
Kyrgyz Republic,KGZ,"Intentional homicides, male (per 100,000 male)",VC.IHR.PSRC.MA.P5,,,,,,,,,,,,,,,,,,,,,,,,,,,,,,,,,,,,,,,,,14.5,13,13.4,13.1,13.2,15.3,14.1,12.4,12.7,10.9,,,,,,,,,,
Cambodia,KHM,"Intentional homicides, male (per 100,000 male)",VC.IHR.PSRC.MA.P5,,,,,,,,,,,,,,,,,,,,,,,,,,,,,,,,,,,,,,,,,,,,,,,,,,,,,,,,,,,,
Kiribati,KIR,"Intentional homicides, male (per 100,000 male)",VC.IHR.PSRC.MA.P5,,,,,,,,,,,,,,,,,,,,,,,,,,,,,,,,,,,,,,,,,,,,,,,,,,,,,,,,,,,,
St. Kitts and Nevis,KNA,"Intentional homicides, male (per 100,000 male)",VC.IHR.PSRC.MA.P5,,,,,,,,,,,,,,,,,,,,,,,,,,,,,,,,,,,,,,,,,,,,,,,,,,,,,,,,,,,,
"Korea, Rep.",KOR,"Intentional homicides, male (per 100,000 male)",VC.IHR.PSRC.MA.P5,,,,,,,,,,,,,,,,,,,,,,,,,,,,,,,,,,,,,,,,,,,,,,,,,,,,0.7,0.9,0.7,0.7,0.7,0.6,0.6,,
Kuwait,KWT,"Intentional homicides, male (per 100,000 male)",VC.IHR.PSRC.MA.P5,,,,,,,,,,,,,,,,,,,,,,,,,,,,,,,,,,,,,,,,,,,,1.9,2.5,1.9,2.8,3.2,1.7,2.3,2.7,2.6,2.6,,,,,,,
Latin America & Caribbean (excluding high income),LAC,"Intentional homicides, male (per 100,000 male)",VC.IHR.PSRC.MA.P5,,,,,,,,,,,,,,,,,,,,,,,,,,,,,,,,,,,,,,,,,,,,,,,,,,,,,,,,,,,,
Lao PDR,LAO,"Intentional homicides, male (per 100,000 male)",VC.IHR.PSRC.MA.P5,,,,,,,,,,,,,,,,,,,,,,,,,,,,,,,,,,,,,,,,,,,,,,,,,,,,,,,,,,,,
Lebanon,LBN,"Intentional homicides, male (per 100,000 male)",VC.IHR.PSRC.MA.P5,,,,,,,,,,,,,,,,,,,,,,,,,,,,,,,,,,,,,,,,,,,,,,,,,,,,,,,,,,,,
Liberia,LBR,"Intentional homicides, male (per 100,000 male)",VC.IHR.PSRC.MA.P5,,,,,,,,,,,,,,,,,,,,,,,,,,,,,,,,,,,,,,,,,,,,,,,,,,,,,,,,,,,,
Libya,LBY,"Intentional homicides, male (per 100,000 male)",VC.IHR.PSRC.MA.P5,,,,,,,,,,,,,,,,,,,,,,,,,,,,,,,,,,,,,,,,,,,,,,,,,,,,,,,,,,,,
St. Lucia,LCA,"Intentional homicides, male (per 100,000 male)",VC.IHR.PSRC.MA.P5,,,,,,,,,,,,,,,,,,,,,,,,,,,,,,,13.3,10.2,15.8,11.4,9.8,18,15.1,10.8,16,18.4,26.7,,45.2,43,41.7,,,,,39.2,45.5,45.3,38.1,32.5,39.3,26.5,32.1,55.7,,
Latin America & Caribbean,LCN,"Intentional homicides, male (per 100,000 male)",VC.IHR.PSRC.MA.P5,,,,,,,,,,,,,,,,,,,,,,,,,,,,,,,,,,,,,,,,,,,,,,,,,,,,,,,,,,,,
Least developed countries: UN classification,LDC,"Intentional homicides, male (per 100,000 male)",VC.IHR.PSRC.MA.P5,,,,,,,,,,,,,,,,,,,,,,,,,,,,,,,,,,,,,,,,,,,,,,,,,,,,,,,,,,,,
Low income,LIC,"Intentional homicides, male (per 100,000 male)",VC.IHR.PSRC.MA.P5,,,,,,,,,,,,,,,,,,,,,,,,,,,,,,,,,,,,,,,,,,,,,,,,,,,,,,,,,,,,
Liechtenstein,LIE,"Intentional homicides, male (per 100,000 male)",VC.IHR.PSRC.MA.P5,,,,,,,,,,,,,,,,,,,,,,,,,,,,,,,,,,,,,,,,,,,,,,,,,,,,,,,,,,,,
Sri Lanka,LKA,"Intentional homicides, male (per 100,000 male)",VC.IHR.PSRC.MA.P5,,,,,,,,,,,,,,,,,,,,,,,,,,,,,,,,,,,,,,,,,,,,,,,,,16.9,9.1,6.1,5.5,5.1,4.8,4.3,3.8,4,4,,
Lower middle income,LMC,"Intentional homicides, male (per 100,000 male)",VC.IHR.PSRC.MA.P5,,,,,,,,,,,,,,,,,,,,,,,,,,,,,,,,,,,,,,,,,,,,,,,,,,,,,,,,,,,,
Low & middle income,LMY,"Intentional homicides, male (per 100,000 male)",VC.IHR.PSRC.MA.P5,,,,,,,,,,,,,,,,,,,,,,,,,,,,,,,,,,,,,,,,,,,,,,,,,,,,,,,,,,,,
Lesotho,LSO,"Intentional homicides, male (per 100,000 male)",VC.IHR.PSRC.MA.P5,,,,,,,,,,,,,,,,,,,,,,,,,,,,,,,,,,,,,,,,,,,,,,,,,,,,,,,,,,,,
Late-demographic dividend,LTE,"Intentional homicides, male (per 100,000 male)",VC.IHR.PSRC.MA.P5,,,,,,,,,,,,,,,,,,,,,,,,,,,,,,,,,,,,,,,,,,,,,,,,,,,,,,,,,,,,
Lithuania,LTU,"Intentional homicides, male (per 100,000 male)",VC.IHR.PSRC.MA.P5,,,,,,,,,,,,,,,,,,,,,,,,,,,,,,,,,,18.2,19.9,20.4,17,16.4,13.2,13.1,16.4,16.2,13.9,15.1,13.5,17.5,13.9,13.6,14.6,12.9,10,10.2,10.7,10,7.8,9.1,8,6.1,,
Luxembourg,LUX,"Intentional homicides, male (per 100,000 male)",VC.IHR.PSRC.MA.P5,,,,,,,,,,,,,,,,,,,,,,,,,,,,,,,,,,,,,1,,,,,2.3,,,0.4,,2.2,1.7,,2,2,1.5,,,0.7,,,,,
Latvia,LVA,"Intentional homicides, male (per 100,000 male)",VC.IHR.PSRC.MA.P5,,,,,,,,,,,,,,,,,,,,,,,,,,,,,,,,,,,,,,,,,,,,,,,,,,,,,3.5,2.8,3,4.1,,4.6,,
"Macao SAR, China",MAC,"Intentional homicides, male (per 100,000 male)",VC.IHR.PSRC.MA.P5,,,,,,,,,,,,,,,,,,,,,,,,,,,,,,,,,,,4.9,,,,,,,,,,,,,,0.4,0.8,0.8,0.4,1.1,0,,0,0.3,0,,
St. Martin (French part),MAF,"Intentional homicides, male (per 100,000 male)",VC.IHR.PSRC.MA.P5,,,,,,,,,,,,,,,,,,,,,,,,,,,,,,,,,,,,,,,,,,,,,,,,,,,,,,,,,,,,
Morocco,MAR,"Intentional homicides, male (per 100,000 male)",VC.IHR.PSRC.MA.P5,,,,,,,,,,,,,,,,,,,,,,,,,,,,,,,,,,,,,,,,,,,,,,,,,,2.4,,,2,2.2,1.7,1.9,2.8,3.7,,
Monaco,MCO,"Intentional homicides, male (per 100,000 male)",VC.IHR.PSRC.MA.P5,,,,,,,,,,,,,,,,,,,,,,,,,,,,,,,,,,,,,,,,,,,,,,,,,,,,,,,,,,,,
Moldova,MDA,"Intentional homicides, male (per 100,000 male)",VC.IHR.PSRC.MA.P5,,,,,,,,,,,,,,,,,,,,,,,,,,,,,,,,9.3,17.9,13.1,14.3,14.9,13.9,15,14,14.5,15.6,14.5,13.7,10.6,9.3,9.8,9.4,7.5,7.3,8.9,10.8,12.6,8.5,5.8,4.2,,,,,
Madagascar,MDG,"Intentional homicides, male (per 100,000 male)",VC.IHR.PSRC.MA.P5,,,,,,,,,,,,,,,,,,,,,,,,,,,,,,,,,,,,,,,,,,,,,,,,,,,,,,,,,,,,
Maldives,MDV,"Intentional homicides, male (per 100,000 male)",VC.IHR.PSRC.MA.P5,,,,,,,,,,,,,,,,,,,,,,,,,,,,,,,,,,,,,,,,,,,,,,,,,,,,,,,,,,,,
Middle East & North Africa,MEA,"Intentional homicides, male (per 100,000 male)",VC.IHR.PSRC.MA.P5,,,,,,,,,,,,,,,,,,,,,,,,,,,,,,,,,,,,,,,,,,,,,,,,,,,,,,,,,,,,
Mexico,MEX,"Intentional homicides, male (per 100,000 male)",VC.IHR.PSRC.MA.P5,,,,,,,,,,,,,,,,,,,,,,,,,,,,,,,30.6,31.4,33.9,32.2,31.3,30.2,27.5,25.2,24.7,21.8,18.7,17.6,17,16.7,15.3,16,16.7,14,22.2,31.1,40,41.3,38.5,33.4,28.4,29.3,34.2,44.5,,
Marshall Islands,MHL,"Intentional homicides, male (per 100,000 male)",VC.IHR.PSRC.MA.P5,,,,,,,,,,,,,,,,,,,,,,,,,,,,,,,,,,,,,,,,,,,,,,,,,,,,,,,,,,,,
Middle income,MIC,"Intentional homicides, male (per 100,000 male)",VC.IHR.PSRC.MA.P5,,,,,,,,,,,,,,,,,,,,,,,,,,,,,,,,,,,,,,,,,,,,,,,,,,,,,,,,,,,,
North Macedonia,MKD,"Intentional homicides, male (per 100,000 male)",VC.IHR.PSRC.MA.P5,,,,,,,,,,,,,,,,,,,,,,,,,,,,,,,,,,,,,,,3.8,2.9,3.5,,5,5.2,3.6,3.4,3.6,3,2.5,2.2,2.7,2.5,1.7,1.4,2.3,2.2,1.2,2.6,,
Mali,MLI,"Intentional homicides, male (per 100,000 male)",VC.IHR.PSRC.MA.P5,,,,,,,,,,,,,,,,,,,,,,,,,,,,,,,,,,,,,,,,,,,,,,,,,,,,,,,,,,,,
Malta,MLT,"Intentional homicides, male (per 100,000 male)",VC.IHR.PSRC.MA.P5,,,,,,,,,,,,,,,,,,,,,,,,,,,,,,,,,,,,,,,,,,,,,1.5,1,,1.5,2.4,0.5,1.4,0,4.3,3.3,2.3,0.9,,,,
Myanmar,MMR,"Intentional homicides, male (per 100,000 male)",VC.IHR.PSRC.MA.P5,,,,,,,,,,,,,,,,,,,,,,,,,,,,,,,,,,,,,,,,,,,,,,,,,,3.1,2.7,3.9,4.8,4.1,4,3.7,3.8,,,
Middle East & North Africa (excluding high income),MNA,"Intentional homicides, male (per 100,000 male)",VC.IHR.PSRC.MA.P5,,,,,,,,,,,,,,,,,,,,,,,,,,,,,,,,,,,,,,,,,,,,,,,,,,,,,,,,,,,,
Montenegro,MNE,"Intentional homicides, male (per 100,000 male)",VC.IHR.PSRC.MA.P5,,,,,,,,,,,,,,,,,,,,,,,,,,,,,,,,,,,,,,,,,,,,,,,,3,6.2,4.7,2.6,5.8,4.5,2.9,5.2,4.5,8.1,3.5,,
Mongolia,MNG,"Intentional homicides, male (per 100,000 male)",VC.IHR.PSRC.MA.P5,,,,,,,,,,,,,,,,,,,,,,,,,,,,,,,,,,,,,,,,,,,,,,,,17.6,12.5,12.1,12.8,15,10.2,10.5,11,9.6,8.8,9.6,,
Northern Mariana Islands,MNP,"Intentional homicides, male (per 100,000 male)",VC.IHR.PSRC.MA.P5,,,,,,,,,,,,,,,,,,,,,,,,,,,,,,,,,,,,,,,,,,,,,,,,,,,,,,,,,,,,
Mozambique,MOZ,"Intentional homicides, male (per 100,000 male)",VC.IHR.PSRC.MA.P5,,,,,,,,,,,,,,,,,,,,,,,,,,,,,,,,,,,,,,,,,,,,,,,,,,,,,,,,,,,,
Mauritania,MRT,"Intentional homicides, male (per 100,000 male)",VC.IHR.PSRC.MA.P5,,,,,,,,,,,,,,,,,,,,,,,,,,,,,,,,,,,,,,,,,,,,,,,,,,,,,,,,,,,,
Mauritius,MUS,"Intentional homicides, male (per 100,000 male)",VC.IHR.PSRC.MA.P5,,,,,,,,,,,,,,,,,,,,,,,,,,,,,,,3,4.6,4.1,2.8,2.8,3.6,4.6,3.3,4.2,2.3,2.5,,,4.7,4.6,3.9,6.1,5.4,5,3.6,4,4.2,3.1,3.9,1.8,2.4,2.1,,,
Malawi,MWI,"Intentional homicides, male (per 100,000 male)",VC.IHR.PSRC.MA.P5,,,,,,,,,,,,,,,,,,,,,,,,,,,,,,,,,,,,,,,,,,,,,,,,,,,,,,,,,,,,
Malaysia,MYS,"Intentional homicides, male (per 100,000 male)",VC.IHR.PSRC.MA.P5,,,,,,,,,,,,,,,,,,,,,,,,,,,,,,,,,,,,,,,,,,,,,,,,,,,,,,,,,,,,
North America,NAC,"Intentional homicides, male (per 100,000 male)",VC.IHR.PSRC.MA.P5,,,,,,,,,,,,,,,,,,,,,,,,,,,,,,,,,,,,,,,,,,,,,,,,,,,,,,,,,,,,
Namibia,NAM,"Intentional homicides, male (per 100,000 male)",VC.IHR.PSRC.MA.P5,,,,,,,,,,,,,,,,,,,,,,,,,,,,,,,,,,,,,,,,,,,,,,,,,,,,,,,,,,,,
New Caledonia,NCL,"Intentional homicides, male (per 100,000 male)",VC.IHR.PSRC.MA.P5,,,,,,,,,,,,,,,,,,,,,,,,,,,,,,,,,,,,,,,,,,,,,,,,,,,,,,,,,,,,
Niger,NER,"Intentional homicides, male (per 100,000 male)",VC.IHR.PSRC.MA.P5,,,,,,,,,,,,,,,,,,,,,,,,,,,,,,,,,,,,,,,,,,,,,,,,,,,,,,,,,,,,
Nigeria,NGA,"Intentional homicides, male (per 100,000 male)",VC.IHR.PSRC.MA.P5,,,,,,,,,,,,,,,,,,,,,,,,,,,,,,,,,,,,,,,,,,,,,,,,,,,,,,,,,,,,
Nicaragua,NIC,"Intentional homicides, male (per 100,000 male)",VC.IHR.PSRC.MA.P5,,,,,,,,,,,,,,,,,,,,,,,,,,,,,,,,,,,,,,,,,,,,,,,,,24.6,25.3,25,23.9,21,18.1,,15.3,,,,
Netherlands,NLD,"Intentional homicides, male (per 100,000 male)",VC.IHR.PSRC.MA.P5,,,,,,,,,,,,,,,,,,,,,,,,,,,,,,,1.2,1.6,1.9,1.8,1.6,1.5,1.9,1.9,1.7,1.8,1.5,1.7,1.7,1.6,1.7,1.4,1,1.2,1.3,1.3,1.1,1.1,1.1,0.8,1.1,0.7,0.8,1.1,,
Norway,NOR,"Intentional homicides, male (per 100,000 male)",VC.IHR.PSRC.MA.P5,,,,,,,,,,,,,,,,,,,,,,,,,,,,,,,1.7,1.7,1.6,1,0.8,1.2,1.1,1.2,1.2,0.9,1.2,1,1.4,1.2,1.1,0.7,0.5,0.6,1,0.7,0.6,2.4,0.7,1,0.6,0.4,0.6,0.6,,
Nepal,NPL,"Intentional homicides, male (per 100,000 male)",VC.IHR.PSRC.MA.P5,,,,,,,,,,,,,,,,,,,,,,,,,,,,,,,,,,,,,,,,,,,,,,,,,,,,,,,,,,,,
Nauru,NRU,"Intentional homicides, male (per 100,000 male)",VC.IHR.PSRC.MA.P5,,,,,,,,,,,,,,,,,,,,,,,,,,,,,,,,,,,,,,,,,,,,,,,,,,,,,,,,,,,,
New Zealand,NZL,"Intentional homicides, male (per 100,000 male)",VC.IHR.PSRC.MA.P5,,,,,,,,,,,,,,,,,,,,,,,,,,,,,,,,,,,,1.5,1.7,2,1.5,1.8,1.6,1.6,1.7,1.5,1.7,1.7,1.5,1.4,1.3,2,1,1.1,0.9,1.5,1.3,1.4,1.2,1,,
OECD members,OED,"Intentional homicides, male (per 100,000 male)",VC.IHR.PSRC.MA.P5,,,,,,,,,,,,,,,,,,,,,,,,,,,,,,,,,,,,,,,,,,,,,,,,,,,,,,,,,,,,
Oman,OMN,"Intentional homicides, male (per 100,000 male)",VC.IHR.PSRC.MA.P5,,,,,,,,,,,,,,,,,,,,,,,,,,,,,,,,,,,,,,,,,,,,,,,,,,,,,,,0.2,0.4,0.5,0.7,,
Other small states,OSS,"Intentional homicides, male (per 100,000 male)",VC.IHR.PSRC.MA.P5,,,,,,,,,,,,,,,,,,,,,,,,,,,,,,,,,,,,,,,,,,,,,,,,,,,,,,,,,,,,
Pakistan,PAK,"Intentional homicides, male (per 100,000 male)",VC.IHR.PSRC.MA.P5,,,,,,,,,,,,,,,,,,,,,,,,,,,,,,,,,,,,,,,,,,,,,,,,,,,,,,,,,,,,
Panama,PAN,"Intentional homicides, male (per 100,000 male)",VC.IHR.PSRC.MA.P5,,,,,,,,,,,,,,,,,,,,,,,,,,,,,,,,,,,,,16,19.8,16.4,17.8,17.7,17.9,21.2,18.6,17.1,19.6,11.8,14.9,26.1,29,23.4,28.1,31.8,31.8,28.7,21,17.6,17.1,,
Peru,PER,"Intentional homicides, male (per 100,000 male)",VC.IHR.PSRC.MA.P5,,,,,,,,,,,,,,,,,,,,,,,,,,,,,,,,,,,,,,,,,,,,,,,,,,,,9,11,11.1,11.2,11.7,12.1,13.9,,
Philippines,PHL,"Intentional homicides, male (per 100,000 male)",VC.IHR.PSRC.MA.P5,,,,,,,,,,,,,,,,,,,,,,,,,,,,,,,,,,,,,,,,,,,,,,,,11.1,10.1,16.2,15.7,15.5,15.1,,,,,,,
Palau,PLW,"Intentional homicides, male (per 100,000 male)",VC.IHR.PSRC.MA.P5,,,,,,,,,,,,,,,,,,,,,,,,,,,,,,,,,,,,,,,,,,,,,,,,,,,,,,,,,,,,
Papua New Guinea,PNG,"Intentional homicides, male (per 100,000 male)",VC.IHR.PSRC.MA.P5,,,,,,,,,,,,,,,,,,,,,,,,,,,,,,,,,,,,,,,,,,,,,,,,,,,,,,,,,,,,
Poland,POL,"Intentional homicides, male (per 100,000 male)",VC.IHR.PSRC.MA.P5,,,,,,,,,,,,,,,,,,,,,,,,,,,,,,,2.5,3.1,3.4,3.5,3.6,3.3,3.3,,,3,3.3,3,2.7,2.5,2.6,2.2,1.9,2.2,1.3,1.5,1.4,1.6,1.6,1.2,1,1,1,1,,
Pre-demographic dividend,PRE,"Intentional homicides, male (per 100,000 male)",VC.IHR.PSRC.MA.P5,,,,,,,,,,,,,,,,,,,,,,,,,,,,,,,,,,,,,,,,,,,,,,,,,,,,,,,,,,,,
Puerto Rico,PRI,"Intentional homicides, male (per 100,000 male)",VC.IHR.PSRC.MA.P5,,,,,,,,,,,,,,,,,,,,,,,,,,,,,,,30.8,41.2,45.5,48.8,51.6,44.1,44.1,36.8,32.6,29.4,34.2,37.9,39.6,40.3,40.5,39.5,39.2,37.6,42.2,47.3,53.5,60.5,52.5,47.7,37.4,32.9,36.6,36.6,,
"Korea, Dem. People’s Rep.",PRK,"Intentional homicides, male (per 100,000 male)",VC.IHR.PSRC.MA.P5,,,,,,,,,,,,,,,,,,,,,,,,,,,,,,,,,,,,,,,,,,,,,,,,,,,,,,,,,,,,
Portugal,PRT,"Intentional homicides, male (per 100,000 male)",VC.IHR.PSRC.MA.P5,,,,,,,,,,,,,,,,,,,,,,,,,,,,,,,,,,,2.1,1.5,1.6,1.7,1.9,1.5,1.6,1.6,1.6,2.3,2.1,2,2.2,2.6,1.7,1.8,1.6,1.5,1.6,1.8,0.9,,,,,
Paraguay,PRY,"Intentional homicides, male (per 100,000 male)",VC.IHR.PSRC.MA.P5,,,,,,,,,,,,,,,,,,,,,,,,,,,,,,,,,,,,,,,,,,,,,,,,24.4,25.2,24.2,21.2,18.6,17.8,16.8,15.3,16.6,,,,
West Bank and Gaza,PSE,"Intentional homicides, male (per 100,000 male)",VC.IHR.PSRC.MA.P5,,,,,,,,,,,,,,,,,,,,,,,,,,,,,,,,,,,,,,,,,,,,,,,,,,,1.1,1,1,,,,,,,
Pacific island small states,PSS,"Intentional homicides, male (per 100,000 male)",VC.IHR.PSRC.MA.P5,,,,,,,,,,,,,,,,,,,,,,,,,,,,,,,,,,,,,,,,,,,,,,,,,,,,,,,,,,,,
Post-demographic dividend,PST,"Intentional homicides, male (per 100,000 male)",VC.IHR.PSRC.MA.P5,,,,,,,,,,,,,,,,,,,,,,,,,,,,,,,,,,,,,,,,,,,,,,,,,,,,,,,,,,,,
French Polynesia,PYF,"Intentional homicides, male (per 100,000 male)",VC.IHR.PSRC.MA.P5,,,,,,,,,,,,,,,,,,,,,,,,,,,,,,,,,,,,,,,,,,,,,,,,,,,,,,,,,,,,
Qatar,QAT,"Intentional homicides, male (per 100,000 male)",VC.IHR.PSRC.MA.P5,,,,,,,,,,,,,,,,,,,,,,,,,,,,,,,,,,,,,,,,,,1,,,0.8,0.3,0.6,0.7,1.1,0.5,0.3,0.3,0.4,0.5,0.4,,,,,
Romania,ROU,"Intentional homicides, male (per 100,000 male)",VC.IHR.PSRC.MA.P5,,,,,,,,,,,,,,,,,,,,,,,,,,,,,,,5.2,5.5,5.4,4.7,4.9,4.9,4.5,4.2,3.6,3.7,3.9,4.1,3.6,3.7,3.3,3,2.9,2.7,3.1,2.6,2.7,2.2,2.6,2.3,2.1,2,,,,
Russian Federation,RUS,"Intentional homicides, male (per 100,000 male)",VC.IHR.PSRC.MA.P5,,,,,,,,,,,,,,,,,,,,,,,,,,,,,,,23.2,25,37.6,49.5,52.5,49.6,42.4,38,36.4,41.2,44.9,47.2,49.5,46.6,44.1,40.1,32.5,28.8,27.1,24.1,,,18,18,18.5,18.5,17.5,14.7,,
Rwanda,RWA,"Intentional homicides, male (per 100,000 male)",VC.IHR.PSRC.MA.P5,,,,,,,,,,,,,,,,,,,,,,,,,,,,,,,,,,,,,,,,,,,,,,,,,,,,,,,,,,,,
South Asia,SAS,"Intentional homicides, male (per 100,000 male)",VC.IHR.PSRC.MA.P5,,,,,,,,,,,,,,,,,,,,,,,,,,,,,,,,,,,,,,,,,,,,,,,,,,,,,,,,,,,,
Saudi Arabia,SAU,"Intentional homicides, male (per 100,000 male)",VC.IHR.PSRC.MA.P5,,,,,,,,,,,,,,,,,,,,,,,,,,,,,,,,,,,,,,,,,,,,,,,,,,,,,,,,,,2,,
Sudan,SDN,"Intentional homicides, male (per 100,000 male)",VC.IHR.PSRC.MA.P5,,,,,,,,,,,,,,,,,,,,,,,,,,,,,,,,,,,,,,,,,,,,,,,,,,,,,,,,,,,,
Senegal,SEN,"Intentional homicides, male (per 100,000 male)",VC.IHR.PSRC.MA.P5,,,,,,,,,,,,,,,,,,,,,,,,,,,,,,,,,,,,,,,,,,,,,,,,,,,,,,,,,,,,
Singapore,SGP,"Intentional homicides, male (per 100,000 male)",VC.IHR.PSRC.MA.P5,,,,,,,,,,,,,,,,,,,,,,,,,,,,,,,,,,,,,,,,,,,,,,,0.5,0.6,0.7,0.5,0.6,0.4,0.2,0.4,0.3,0.4,0.4,0.2,,
Solomon Islands,SLB,"Intentional homicides, male (per 100,000 male)",VC.IHR.PSRC.MA.P5,,,,,,,,,,,,,,,,,,,,,,,,,,,,,,,,,,,,,,,,,,,,,,,,,,,,,,,,,,,,
Sierra Leone,SLE,"Intentional homicides, male (per 100,000 male)",VC.IHR.PSRC.MA.P5,,,,,,,,,,,,,,,,,,,,,,,,,,,,,,,,,,,,,,,,,,,,,,,,,,,,,,,,,,,,
El Salvador,SLV,"Intentional homicides, male (per 100,000 male)",VC.IHR.PSRC.MA.P5,,,,,,,,,,,,,,,,,,,,,,,,,,,,,,,,,,,,,,,,,,,,,,121,120.6,109.1,98.6,130.2,117.4,127.9,77.4,77.9,122.6,204.8,159.2,116,,
San Marino,SMR,"Intentional homicides, male (per 100,000 male)",VC.IHR.PSRC.MA.P5,,,,,,,,,,,,,,,,,,,,,,,,,,,,,,,,,,,,,,,,,,,,,,,,,,,,,,,,,,,,
Somalia,SOM,"Intentional homicides, male (per 100,000 male)",VC.IHR.PSRC.MA.P5,,,,,,,,,,,,,,,,,,,,,,,,,,,,,,,,,,,,,,,,,,,,,,,,,,,,,,,,,,,,
Serbia,SRB,"Intentional homicides, male (per 100,000 male)",VC.IHR.PSRC.MA.P5,,,,,,,,,,,,,,,,,,,,,,,,,,,,,,,,,,,,,,,,,3.6,3.6,3.1,2.4,2.5,2.3,2.3,2.6,2.3,2.6,2,2.2,1.7,2.2,1.9,1.7,1.9,1.5,,
Sub-Saharan Africa (excluding high income),SSA,"Intentional homicides, male (per 100,000 male)",VC.IHR.PSRC.MA.P5,,,,,,,,,,,,,,,,,,,,,,,,,,,,,,,,,,,,,,,,,,,,,,,,,,,,,,,,,,,,
South Sudan,SSD,"Intentional homicides, male (per 100,000 male)",VC.IHR.PSRC.MA.P5,,,,,,,,,,,,,,,,,,,,,,,,,,,,,,,,,,,,,,,,,,,,,,,,,,,,,,,,,,,,
Sub-Saharan Africa,SSF,"Intentional homicides, male (per 100,000 male)",VC.IHR.PSRC.MA.P5,,,,,,,,,,,,,,,,,,,,,,,,,,,,,,,,,,,,,,,,,,,,,,,,,,,,,,,,,,,,
Small states,SST,"Intentional homicides, male (per 100,000 male)",VC.IHR.PSRC.MA.P5,,,,,,,,,,,,,,,,,,,,,,,,,,,,,,,,,,,,,,,,,,,,,,,,,,,,,,,,,,,,
Sao Tome and Principe,STP,"Intentional homicides, male (per 100,000 male)",VC.IHR.PSRC.MA.P5,,,,,,,,,,,,,,,,,,,,,,,,,,,,,,,,,,,,,,,,,,,,,,,,,,,,,,,,,,,,
Suriname,SUR,"Intentional homicides, male (per 100,000 male)",VC.IHR.PSRC.MA.P5,,,,,,,,,,,,,,,,,,,,,,,,,,,,,,,,,,,,,,,,,,,,,,,,11.9,12.7,,,,,9.5,9.4,8.3,8.9,,,
Slovak Republic,SVK,"Intentional homicides, male (per 100,000 male)",VC.IHR.PSRC.MA.P5,,,,,,,,,,,,,,,,,,,,,,,,,,,,,,,,,,,,,,,,,3.6,3.2,2.7,3.4,2.8,2.3,2.6,2.1,2.4,1.8,1.9,2.2,1.7,1.8,1.4,1.1,1.4,2.2,,
Slovenia,SVN,"Intentional homicides, male (per 100,000 male)",VC.IHR.PSRC.MA.P5,,,,,,,,,,,,,,,,,,,,,,,,,,,,,,,,,,,,,,,,,,,,,2.1,1,0.9,1.6,0.5,0.6,0.7,0.9,0.8,0.9,1,0.9,0.8,1,,
Sweden,SWE,"Intentional homicides, male (per 100,000 male)",VC.IHR.PSRC.MA.P5,,,,,,,,,,,,,,,,,,,,,,,,,,,,,,,,,,,,,,,,1.6,1.3,1.3,1.5,1.3,1.5,1.2,1.2,1.7,1.2,1.2,1.4,1.2,1,1.3,1.3,1.7,1.6,1.7,,
Eswatini,SWZ,"Intentional homicides, male (per 100,000 male)",VC.IHR.PSRC.MA.P5,,,,,,,,,,,,,,,,,,,,,,,,,,,,,,,,,,,,,,,,,,,,,,,,,,,,,,,,,,,,
Sint Maarten (Dutch part),SXM,"Intentional homicides, male (per 100,000 male)",VC.IHR.PSRC.MA.P5,,,,,,,,,,,,,,,,,,,,,,,,,,,,,,,,,,,,,,,,,,,,,,,,,,,,,,,,,,,,
Seychelles,SYC,"Intentional homicides, male (per 100,000 male)",VC.IHR.PSRC.MA.P5,,,,,,,,,,,,,,,,,,,,,,,,,,,,,,,,,,,,,,,,,,,,,18.8,,14.3,14.3,10.3,23.9,16.4,23.2,7.6,24.5,29.1,,,,,
Syrian Arab Republic,SYR,"Intentional homicides, male (per 100,000 male)",VC.IHR.PSRC.MA.P5,,,,,,,,,,,,,,,,,,,,,,,,,,,,,,,,,,,,,,,,,,,,,,,,,,,,,,,,,,,,
Turks and Caicos Islands,TCA,"Intentional homicides, male (per 100,000 male)",VC.IHR.PSRC.MA.P5,,,,,,,,,,,,,,,,,,,,,,,,,,,,,,,,,,,,,,,,,,,,,,,,,,,,,,,,,,,,
Chad,TCD,"Intentional homicides, male (per 100,000 male)",VC.IHR.PSRC.MA.P5,,,,,,,,,,,,,,,,,,,,,,,,,,,,,,,,,,,,,,,,,,,,,,,,,,,,,,,,,,,,
East Asia & Pacific (IDA & IBRD countries),TEA,"Intentional homicides, male (per 100,000 male)",VC.IHR.PSRC.MA.P5,,,,,,,,,,,,,,,,,,,,,,,,,,,,,,,,,,,,,,,,,,,,,,,,,,,,,,,,,,,,
Europe & Central Asia (IDA & IBRD countries),TEC,"Intentional homicides, male (per 100,000 male)",VC.IHR.PSRC.MA.P5,,,,,,,,,,,,,,,,,,,,,,,,,,,,,,,,,,,,,,,,,,,,,,,,,,,,,,,,,,,,
Togo,TGO,"Intentional homicides, male (per 100,000 male)",VC.IHR.PSRC.MA.P5,,,,,,,,,,,,,,,,,,,,,,,,,,,,,,,,,,,,,,,,,,,,,,,,,,,,,,,,,,,,
Thailand,THA,"Intentional homicides, male (per 100,000 male)",VC.IHR.PSRC.MA.P5,,,,,,,,,,,,,,,,,,,,,,,,,,,,,,,,,,,,13,12.5,13.3,14.9,13.8,13.6,,12.2,17.2,11.8,13,12.7,11.8,10.6,9.8,9.7,8.7,8.6,7.6,6.7,,,,,
Tajikistan,TJK,"Intentional homicides, male (per 100,000 male)",VC.IHR.PSRC.MA.P5,,,,,,,,,,,,,,,,,,,,,,,,,,,,,,,,,,,,,,,,,,,,,,,4.4,2.7,1.7,1.9,4.1,2.8,,,,,,,,
Turkmenistan,TKM,"Intentional homicides, male (per 100,000 male)",VC.IHR.PSRC.MA.P5,,,,,,,,,,,,,,,,,,,,,,,,,,,,,,,,,,,,,,,,,,,,,,,,,,,,,,,,,,,,
Latin America & the Caribbean (IDA & IBRD countries),TLA,"Intentional homicides, male (per 100,000 male)",VC.IHR.PSRC.MA.P5,,,,,,,,,,,,,,,,,,,,,,,,,,,,,,,,,,,,,,,,,,,,,,,,,,,,,,,,,,,,
Timor-Leste,TLS,"Intentional homicides, male (per 100,000 male)",VC.IHR.PSRC.MA.P5,,,,,,,,,,,,,,,,,,,,,,,,,,,,,,,,,,,,,,,,,,,,,,,,,,,,,,,,,,,,
Middle East & North Africa (IDA & IBRD countries),TMN,"Intentional homicides, male (per 100,000 male)",VC.IHR.PSRC.MA.P5,,,,,,,,,,,,,,,,,,,,,,,,,,,,,,,,,,,,,,,,,,,,,,,,,,,,,,,,,,,,
Tonga,TON,"Intentional homicides, male (per 100,000 male)",VC.IHR.PSRC.MA.P5,,,,,,,,,,,,,,,,,,,,,,,,,,,,,,,,,,,,,,,,,2,10,10,11.9,4,7.9,15.7,2,5.8,9.6,1.9,3.8,0,,,,,,,
South Asia (IDA & IBRD),TSA,"Intentional homicides, male (per 100,000 male)",VC.IHR.PSRC.MA.P5,,,,,,,,,,,,,,,,,,,,,,,,,,,,,,,,,,,,,,,,,,,,,,,,,,,,,,,,,,,,
Sub-Saharan Africa (IDA & IBRD countries),TSS,"Intentional homicides, male (per 100,000 male)",VC.IHR.PSRC.MA.P5,,,,,,,,,,,,,,,,,,,,,,,,,,,,,,,,,,,,,,,,,,,,,,,,,,,,,,,,,,,,
Trinidad and Tobago,TTO,"Intentional homicides, male (per 100,000 male)",VC.IHR.PSRC.MA.P5,,,,,,,,,,,,,,,,,,,,,,,,,,,,,,,,,,,,,,,,,,,,,36.6,54,52.2,55.7,75.2,71.4,63.9,48.8,50.5,55.2,53.8,58.3,,,,
Tunisia,TUN,"Intentional homicides, male (per 100,000 male)",VC.IHR.PSRC.MA.P5,,,,,,,,,,,,,,,,,,,,,,,,,,,,,,,,,,,,,,,,,,,,,,,,,,,,,,,,,,,,
Turkey,TUR,"Intentional homicides, male (per 100,000 male)",VC.IHR.PSRC.MA.P5,,,,,,,,,,,,,,,,,,,,,,,,,,,,,,,,,,,,,,,,,,,,6.9,7,8.1,7.7,8.7,7.8,7.7,6.8,6.7,7.1,,,,,,,
Tuvalu,TUV,"Intentional homicides, male (per 100,000 male)",VC.IHR.PSRC.MA.P5,,,,,,,,,,,,,,,,,,,,,,,,,,,,,,,,,,,,,,,,,,,,,,,,,,,,,,,,,,,,
Tanzania,TZA,"Intentional homicides, male (per 100,000 male)",VC.IHR.PSRC.MA.P5,,,,,,,,,,,,,,,,,,,,,,,,,,,,,,,,,,,,,,,,,,,,,,,,,,,14.7,15.3,14.7,12.8,11.7,11.5,,,,
Uganda,UGA,"Intentional homicides, male (per 100,000 male)",VC.IHR.PSRC.MA.P5,,,,,,,,,,,,,,,,,,,,,,,,,,,,,,,,,,,,,,,,,,,,,,,,,15.3,,15.2,17.3,18.4,16.4,18.8,,17.3,18.3,,
Ukraine,UKR,"Intentional homicides, male (per 100,000 male)",VC.IHR.PSRC.MA.P5,,,,,,,,,,,,,,,,,,,,,,,,,,,,,,,7.4,7.8,10.3,11.3,13,13.8,15.1,13,12.9,13.1,13.7,15,13.4,12.6,10.8,9.5,9.5,,8.1,7.2,6.6,,,,,,,11.2,,
Upper middle income,UMC,"Intentional homicides, male (per 100,000 male)",VC.IHR.PSRC.MA.P5,,,,,,,,,,,,,,,,,,,,,,,,,,,,,,,,,,,,,,,,,,,,,,,,,,,,,,,,,,,,
Uruguay,URY,"Intentional homicides, male (per 100,000 male)",VC.IHR.PSRC.MA.P5,,,,,,,,,,,,,,,,,,,,,,,,,,,,,,,,,,,,,,,,,,,,,,,9.9,10.1,11,11.2,10.1,9.7,14,12.5,13.2,14.7,13.6,13.7,,
United States,USA,"Intentional homicides, male (per 100,000 male)",VC.IHR.PSRC.MA.P5,,,,,,,,,,,,,,,,,,,,,,,,,,,,,,,14.8,15.4,14.7,14.9,14.2,12.7,11.5,10.5,9.5,8.5,8.6,10.4,8.8,9,8.7,9.1,9.3,9.1,8.6,7.9,7.5,7.4,7.5,7.1,7,7.9,8.6,8.5,,
Uzbekistan,UZB,"Intentional homicides, male (per 100,000 male)",VC.IHR.PSRC.MA.P5,,,,,,,,,,,,,,,,,,,,,,,,,,,,,,,,,,,,,,,,,,,,,,,,,,,,,,,,,,,,
St. Vincent and the Grenadines,VCT,"Intentional homicides, male (per 100,000 male)",VC.IHR.PSRC.MA.P5,,,,,,,,,,,,,,,,,,,,,,,,,,,,,,,,,,,,,,,,,,,,,41.6,34.6,25.2,56.5,23.6,35.4,39.9,,,,,,65,,,
"Venezuela, RB",VEN,"Intentional homicides, male (per 100,000 male)",VC.IHR.PSRC.MA.P5,,,,,,,,,,,,,,,,,,,,,,,,,,,,,,,22.9,,29,37.2,40.3,,40.4,33.3,35.2,46,61,59.7,68.8,82.2,69.2,70.2,85,90.2,98.5,92.6,84.8,90.4,101.5,,,,,,,
British Virgin Islands,VGB,"Intentional homicides, male (per 100,000 male)",VC.IHR.PSRC.MA.P5,,,,,,,,,,,,,,,,,,,,,,,,,,,,,,,,,,,,,,,,,,,,,,,,,,,,,,,,,,,,
Virgin Islands (U.S.),VIR,"Intentional homicides, male (per 100,000 male)",VC.IHR.PSRC.MA.P5,,,,,,,,,,,,,,,,,,,,,,,,,,,,,,,,,,,,,,45.8,43.9,43.8,38.1,49.5,68.6,53.5,68.9,65.3,75.2,77.5,85.7,94,96.5,83,99.2,,,,,,,
Vietnam,VNM,"Intentional homicides, male (per 100,000 male)",VC.IHR.PSRC.MA.P5,,,,,,,,,,,,,,,,,,,,,,,,,,,,,,,,,,,,,,,,,,,,,,,,,,,,,,,,,,,,
Vanuatu,VUT,"Intentional homicides, male (per 100,000 male)",VC.IHR.PSRC.MA.P5,,,,,,,,,,,,,,,,,,,,,,,,,,,,,,,,,,,,,,,,,,,,,,,,,,,,,,,,,,,,
World,WLD,"Intentional homicides, male (per 100,000 male)",VC.IHR.PSRC.MA.P5,,,,,,,,,,,,,,,,,,,,,,,,,,,,,,,,,,,,,,,,,,,,,,,,,,,,,,,,,,,,
Samoa,WSM,"Intentional homicides, male (per 100,000 male)",VC.IHR.PSRC.MA.P5,,,,,,,,,,,,,,,,,,,,,,,,,,,,,,,,,,,,,,,,,,,,,,,,,,,,,,,,,,,,
Kosovo,XKX,"Intentional homicides, male (per 100,000 male)",VC.IHR.PSRC.MA.P5,,,,,,,,,,,,,,,,,,,,,,,,,,,,,,,,,,,,,,,,,,,,,,,,,9.9,7,9.6,5.9,8.7,4,4.7,3.5,3.3,,,
"Yemen, Rep.",YEM,"Intentional homicides, male (per 100,000 male)",VC.IHR.PSRC.MA.P5,,,,,,,,,,,,,,,,,,,,,,,,,,,,,,,,,,,,,,,,,,,,,,,,,,,,,,,,,,,,
South Africa,ZAF,"Intentional homicides, male (per 100,000 male)",VC.IHR.PSRC.MA.P5,,,,,,,,,,,,,,,,,,,,,,,,,,,,,,,,,,,,,,,,,,,,,,,67.6,64.2,62.8,56.6,52.1,51.4,,,,,,,,
Zambia,ZMB,"Intentional homicides, male (per 100,000 male)",VC.IHR.PSRC.MA.P5,,,,,,,,,,,,,,,,,,,,,,,,,,,,,,,,,,,,,,,,,,,,,,,,,,,,,,,,,,,,
Zimbabwe,ZWE,"Intentional homicides, male (per 100,000 male)",VC.IHR.PSRC.MA.P5,,,,,,,,,,,,,,,,,,,,,,,,,,,,,,,8,,,,,,,,,,,,,,,,,,,,,,,,,,,,,